protocol,task,mode,metric,chance,test_subject,fold,value,best_val
gh_loso,speaker4,eeg,acc,0.25,1,,0.44,0.44
gh_loso,speaker4,eeg,acc,0.25,2,,0.44,0.44
gh_loso,speaker4,eeg,acc,0.25,3,,0.45,0.45
gh_loso,speaker4,eeg,acc,0.25,4,,0.46,0.46
gh_loso,speaker4,eeg,acc,0.25,5,,0.45,0.45
gh_loso,speaker4,eeg,acc,0.25,6,,0.46,0.46
gh_loso,speaker4,eeg,acc,0.25,7,,0.47,0.47
gh_loso,speaker4,eeg,acc,0.25,8,,0.46,0.46
gh_loso,speaker4,eeg,acc,0.25,9,,0.48,0.48
gh_loso,speaker4,eeg,acc,0.25,10,,0.46,0.46
gh_loso,speaker4,eeg,acc,0.25,11,,0.44,0.44
gh_loso,speaker4,eeg,acc,0.25,12,,0.45,0.45
gh_loso,speaker4,eeg,acc,0.25,13,,0.44,0.44
gh_loso,speaker4,eeg,acc,0.25,14,,0.44,0.44
gh_loso,speaker4,eeg,acc,0.25,15,,0.48484848484848486,0.48484848484848486
gh_loso,speaker4,eeg,acc,0.25,16,,0.42,0.42
gh_loso,speaker4,gaze,acc,0.25,1,,0.5,0.5
gh_loso,speaker4,gaze,acc,0.25,2,,0.5,0.5
gh_loso,speaker4,gaze,acc,0.25,3,,0.49,0.49
gh_loso,speaker4,gaze,acc,0.25,4,,0.51,0.51
gh_loso,speaker4,gaze,acc,0.25,5,,0.51,0.51
gh_loso,speaker4,gaze,acc,0.25,6,,0.5,0.5
gh_loso,speaker4,gaze,acc,0.25,7,,0.49,0.49
gh_loso,speaker4,gaze,acc,0.25,8,,0.5,0.5
gh_loso,speaker4,gaze,acc,0.25,9,,0.51,0.51
gh_loso,speaker4,gaze,acc,0.25,10,,0.5,0.5
gh_loso,speaker4,gaze,acc,0.25,11,,0.49,0.49
gh_loso,speaker4,gaze,acc,0.25,12,,0.49,0.49
gh_loso,speaker4,gaze,acc,0.25,13,,0.5,0.5
gh_loso,speaker4,gaze,acc,0.25,14,,0.49,0.49
gh_loso,speaker4,gaze,acc,0.25,15,,0.5050505050505051,0.5050505050505051
gh_loso,speaker4,gaze,acc,0.25,16,,0.48,0.48
gh_loso,speaker4,imu,acc,0.25,1,,0.49,0.49
gh_loso,speaker4,imu,acc,0.25,2,,0.48,0.48
gh_loso,speaker4,imu,acc,0.25,3,,0.48,0.48
gh_loso,speaker4,imu,acc,0.25,4,,0.47,0.47
gh_loso,speaker4,imu,acc,0.25,5,,0.48,0.48
gh_loso,speaker4,imu,acc,0.25,6,,0.49,0.49
gh_loso,speaker4,imu,acc,0.25,7,,0.49,0.49
gh_loso,speaker4,imu,acc,0.25,8,,0.49,0.49
gh_loso,speaker4,imu,acc,0.25,9,,0.49,0.49
gh_loso,speaker4,imu,acc,0.25,10,,0.48,0.48
gh_loso,speaker4,imu,acc,0.25,11,,0.47,0.47
gh_loso,speaker4,imu,acc,0.25,12,,0.48,0.48
gh_loso,speaker4,imu,acc,0.25,13,,0.49,0.49
gh_loso,speaker4,imu,acc,0.25,14,,0.48,0.48
gh_loso,speaker4,imu,acc,0.25,15,,0.47474747474747475,0.47474747474747475
gh_loso,speaker4,imu,acc,0.25,16,,0.47,0.47
gh_pooled,eccentricity,eeg_gaze,acc,0.5,0,0.0,0.584375,0.584375
gh_pooled,eccentricity,eeg_gaze,acc,0.5,1,1.0,0.68125,0.68125
gh_pooled,eccentricity,eeg_gaze,acc,0.5,2,2.0,0.640625,0.640625
gh_pooled,eccentricity,eeg_gaze,acc,0.5,3,3.0,0.634375,0.634375
gh_pooled,eccentricity,eeg_gaze,acc,0.5,4,4.0,0.6614420062695925,0.6614420062695925
gh_pooled,eccentricity,eeg_imu,acc,0.5,0,0.0,0.56875,0.56875
gh_pooled,eccentricity,eeg_imu,acc,0.5,1,1.0,0.665625,0.665625
gh_pooled,eccentricity,eeg_imu,acc,0.5,2,2.0,0.6125,0.6125
gh_pooled,eccentricity,eeg_imu,acc,0.5,3,3.0,0.628125,0.628125
gh_pooled,eccentricity,eeg_imu,acc,0.5,4,4.0,0.6144200626959248,0.6144200626959248
gh_pooled,eccentricity,gaze_imu,acc,0.5,0,0.0,0.58125,0.58125
gh_pooled,eccentricity,gaze_imu,acc,0.5,1,1.0,0.68125,0.68125
gh_pooled,eccentricity,gaze_imu,acc,0.5,2,2.0,0.6125,0.6125
gh_pooled,eccentricity,gaze_imu,acc,0.5,3,3.0,0.6375,0.6375
gh_pooled,eccentricity,gaze_imu,acc,0.5,4,4.0,0.6112852664576802,0.6112852664576802
gh_pooled,eccentricity,eeg_gaze_imu,acc,0.5,0,0.0,0.584375,0.584375
gh_pooled,eccentricity,eeg_gaze_imu,acc,0.5,1,1.0,0.68125,0.68125
gh_pooled,eccentricity,eeg_gaze_imu,acc,0.5,2,2.0,0.6125,0.6125
gh_pooled,eccentricity,eeg_gaze_imu,acc,0.5,3,3.0,0.640625,0.640625
gh_pooled,eccentricity,eeg_gaze_imu,acc,0.5,4,4.0,0.6144200626959248,0.6144200626959248
gh_pooled,hemisphere,eeg_gaze,acc,0.5,0,0.0,0.6625,0.6625
gh_pooled,hemisphere,eeg_gaze,acc,0.5,1,1.0,0.696875,0.696875
gh_pooled,hemisphere,eeg_gaze,acc,0.5,2,2.0,0.625,0.625
gh_pooled,hemisphere,eeg_gaze,acc,0.5,3,3.0,0.684375,0.684375
gh_pooled,hemisphere,eeg_gaze,acc,0.5,4,4.0,0.6551724137931034,0.6551724137931034
gh_pooled,hemisphere,eeg_imu,acc,0.5,0,0.0,0.6625,0.6625
gh_pooled,hemisphere,eeg_imu,acc,0.5,1,1.0,0.625,0.625
gh_pooled,hemisphere,eeg_imu,acc,0.5,2,2.0,0.65625,0.65625
gh_pooled,hemisphere,eeg_imu,acc,0.5,3,3.0,0.684375,0.684375
gh_pooled,hemisphere,eeg_imu,acc,0.5,4,4.0,0.6269592476489029,0.6269592476489029
gh_pooled,hemisphere,gaze_imu,acc,0.5,0,0.0,0.59375,0.59375
gh_pooled,hemisphere,gaze_imu,acc,0.5,1,1.0,0.609375,0.609375
gh_pooled,hemisphere,gaze_imu,acc,0.5,2,2.0,0.625,0.625
gh_pooled,hemisphere,gaze_imu,acc,0.5,3,3.0,0.621875,0.621875
gh_pooled,hemisphere,gaze_imu,acc,0.5,4,4.0,0.5924764890282131,0.5924764890282131
gh_pooled,hemisphere,eeg_gaze_imu,acc,0.5,0,0.0,0.6625,0.6625
gh_pooled,hemisphere,eeg_gaze_imu,acc,0.5,1,1.0,0.625,0.625
gh_pooled,hemisphere,eeg_gaze_imu,acc,0.5,2,2.0,0.625,0.625
gh_pooled,hemisphere,eeg_gaze_imu,acc,0.5,3,3.0,0.684375,0.684375
gh_pooled,hemisphere,eeg_gaze_imu,acc,0.5,4,4.0,0.6269592476489029,0.6269592476489029
gh_pooled,speaker4,eeg_gaze,acc,0.25,0,0.0,0.515625,0.515625
gh_pooled,speaker4,eeg_gaze,acc,0.25,1,1.0,0.484375,0.484375
gh_pooled,speaker4,eeg_gaze,acc,0.25,2,2.0,0.5,0.5
gh_pooled,speaker4,eeg_gaze,acc,0.25,3,3.0,0.478125,0.478125
gh_pooled,speaker4,eeg_gaze,acc,0.25,4,4.0,0.47648902821316613,0.47648902821316613
gh_pooled,speaker4,eeg_imu,acc,0.25,0,0.0,0.51875,0.51875
gh_pooled,speaker4,eeg_imu,acc,0.25,1,1.0,0.490625,0.490625
gh_pooled,speaker4,eeg_imu,acc,0.25,2,2.0,0.4875,0.4875
gh_pooled,speaker4,eeg_imu,acc,0.25,3,3.0,0.4625,0.4625
gh_pooled,speaker4,eeg_imu,acc,0.25,4,4.0,0.47335423197492166,0.47335423197492166
gh_pooled,speaker4,gaze_imu,acc,0.25,0,0.0,0.4875,0.4875
gh_pooled,speaker4,gaze_imu,acc,0.25,1,1.0,0.484375,0.484375
gh_pooled,speaker4,gaze_imu,acc,0.25,2,2.0,0.5,0.5
gh_pooled,speaker4,gaze_imu,acc,0.25,3,3.0,0.478125,0.478125
gh_pooled,speaker4,gaze_imu,acc,0.25,4,4.0,0.46394984326018807,0.46394984326018807
gh_pooled,speaker4,eeg_gaze_imu,acc,0.25,0,0.0,0.515625,0.515625
gh_pooled,speaker4,eeg_gaze_imu,acc,0.25,1,1.0,0.484375,0.484375
gh_pooled,speaker4,eeg_gaze_imu,acc,0.25,2,2.0,0.49375,0.49375
gh_pooled,speaker4,eeg_gaze_imu,acc,0.25,3,3.0,0.478125,0.478125
gh_pooled,speaker4,eeg_gaze_imu,acc,0.25,4,4.0,0.4608150470219436,0.4608150470219436
gh_pooled,eccentricity,eeg,acc,0.5,0,0.0,0.590625,0.590625
gh_pooled,eccentricity,eeg,acc,0.5,1,1.0,0.665625,0.665625
gh_pooled,eccentricity,eeg,acc,0.5,2,2.0,0.640625,0.640625
gh_pooled,eccentricity,eeg,acc,0.5,3,3.0,0.640625,0.640625
gh_pooled,eccentricity,eeg,acc,0.5,4,4.0,0.6614420062695925,0.6614420062695925
gh_pooled,eccentricity,gaze,acc,0.5,0,0.0,0.58125,0.58125
gh_pooled,eccentricity,gaze,acc,0.5,1,1.0,0.68125,0.68125
gh_pooled,eccentricity,gaze,acc,0.5,2,2.0,0.640625,0.640625
gh_pooled,eccentricity,gaze,acc,0.5,3,3.0,0.63125,0.63125
gh_pooled,eccentricity,gaze,acc,0.5,4,4.0,0.6144200626959248,0.6144200626959248
gh_pooled,eccentricity,imu,acc,0.5,0,0.0,0.55,0.55
gh_pooled,eccentricity,imu,acc,0.5,1,1.0,0.65625,0.65625
gh_pooled,eccentricity,imu,acc,0.5,2,2.0,0.6125,0.6125
gh_pooled,eccentricity,imu,acc,0.5,3,3.0,0.625,0.625
gh_pooled,eccentricity,imu,acc,0.5,4,4.0,0.6112852664576802,0.6112852664576802
gh_pooled,hemisphere,eeg,acc,0.5,0,0.0,0.6625,0.6625
gh_pooled,hemisphere,eeg,acc,0.5,1,1.0,0.696875,0.696875
gh_pooled,hemisphere,eeg,acc,0.5,2,2.0,0.65625,0.65625
gh_pooled,hemisphere,eeg,acc,0.5,3,3.0,0.684375,0.684375
gh_pooled,hemisphere,eeg,acc,0.5,4,4.0,0.6551724137931034,0.6551724137931034
gh_pooled,hemisphere,gaze,acc,0.5,0,0.0,0.60625,0.60625
gh_pooled,hemisphere,gaze,acc,0.5,1,1.0,0.603125,0.603125
gh_pooled,hemisphere,gaze,acc,0.5,2,2.0,0.625,0.625
gh_pooled,hemisphere,gaze,acc,0.5,3,3.0,0.6125,0.6125
gh_pooled,hemisphere,gaze,acc,0.5,4,4.0,0.5799373040752351,0.5799373040752351
gh_pooled,hemisphere,imu,acc,0.5,0,0.0,0.59375,0.59375
gh_pooled,hemisphere,imu,acc,0.5,1,1.0,0.609375,0.609375
gh_pooled,hemisphere,imu,acc,0.5,2,2.0,0.653125,0.653125
gh_pooled,hemisphere,imu,acc,0.5,3,3.0,0.596875,0.596875
gh_pooled,hemisphere,imu,acc,0.5,4,4.0,0.5924764890282131,0.5924764890282131
gh_pooled,reconstruction,eeg,pearson_r,0.0,0,0.0,0.00441910931840539,0.00441910931840539
gh_pooled,reconstruction,eeg,pearson_r,0.0,1,1.0,0.006618452724069357,0.006618452724069357
gh_pooled,reconstruction,eeg,pearson_r,0.0,2,2.0,0.0051528653129935265,0.0051528653129935265
gh_pooled,reconstruction,eeg,pearson_r,0.0,3,3.0,0.0038111533503979445,0.0038111533503979445
gh_pooled,reconstruction,eeg,pearson_r,0.0,4,4.0,0.004864860791712999,0.004864860791712999
gh_pooled,reconstruction,eeg_gaze,pearson_r,0.0,0,0.0,0.004450307227671146,0.004450307227671146
gh_pooled,reconstruction,eeg_gaze,pearson_r,0.0,1,1.0,0.007932469248771667,0.007932469248771667
gh_pooled,reconstruction,eeg_gaze,pearson_r,0.0,2,2.0,0.004965505562722683,0.004965505562722683
gh_pooled,reconstruction,eeg_gaze,pearson_r,0.0,3,3.0,0.008263388648629189,0.008263388648629189
gh_pooled,reconstruction,eeg_gaze,pearson_r,0.0,4,4.0,0.0061523751355707645,0.0061523751355707645
gh_pooled,reconstruction,eeg_gaze_imu,pearson_r,0.0,0,0.0,0.006960304919630289,0.006960304919630289
gh_pooled,reconstruction,eeg_gaze_imu,pearson_r,0.0,1,1.0,0.011606978252530098,0.011606978252530098
gh_pooled,reconstruction,eeg_gaze_imu,pearson_r,0.0,2,2.0,0.00418327609077096,0.00418327609077096
gh_pooled,reconstruction,eeg_gaze_imu,pearson_r,0.0,3,3.0,0.008131720125675201,0.008131720125675201
gh_pooled,reconstruction,eeg_gaze_imu,pearson_r,0.0,4,4.0,0.006037366110831499,0.006037366110831499
gh_pooled,reconstruction,eeg_imu,pearson_r,0.0,0,0.0,0.002206547651439905,0.002206547651439905
gh_pooled,reconstruction,eeg_imu,pearson_r,0.0,1,1.0,0.012600883841514587,0.012600883841514587
gh_pooled,reconstruction,eeg_imu,pearson_r,0.0,2,2.0,0.005337855778634548,0.005337855778634548
gh_pooled,reconstruction,eeg_imu,pearson_r,0.0,3,3.0,0.007487195543944836,0.007487195543944836
gh_pooled,reconstruction,eeg_imu,pearson_r,0.0,4,4.0,0.004313353914767504,0.004313353914767504
gh_pooled,reconstruction,gaze,pearson_r,0.0,0,0.0,0.0,0.0
gh_pooled,reconstruction,gaze,pearson_r,0.0,1,1.0,0.0,0.0
gh_pooled,reconstruction,gaze,pearson_r,0.0,2,2.0,0.0,0.0
gh_pooled,reconstruction,gaze,pearson_r,0.0,3,3.0,0.0,0.0
gh_pooled,reconstruction,gaze,pearson_r,0.0,4,4.0,0.0,0.0
gh_pooled,reconstruction,gaze_imu,pearson_r,0.0,0,0.0,0.007155793718993664,0.007155793718993664
gh_pooled,reconstruction,gaze_imu,pearson_r,0.0,1,1.0,0.005965839140117168,0.005965839140117168
gh_pooled,reconstruction,gaze_imu,pearson_r,0.0,2,2.0,0.002552804769948125,0.002552804769948125
gh_pooled,reconstruction,gaze_imu,pearson_r,0.0,3,3.0,0.0,0.0
gh_pooled,reconstruction,gaze_imu,pearson_r,0.0,4,4.0,0.0,0.0
gh_pooled,reconstruction,imu,pearson_r,0.0,0,0.0,0.0,0.0
gh_pooled,reconstruction,imu,pearson_r,0.0,1,1.0,0.004720152821391821,0.004720152821391821
gh_pooled,reconstruction,imu,pearson_r,0.0,2,2.0,0.0024118830915540457,0.0024118830915540457
gh_pooled,reconstruction,imu,pearson_r,0.0,3,3.0,0.0007190413889475167,0.0007190413889475167
gh_pooled,reconstruction,imu,pearson_r,0.0,4,4.0,0.0,0.0
gh_pooled,speaker4,eeg,acc,0.25,0,0.0,0.509375,0.509375
gh_pooled,speaker4,eeg,acc,0.25,1,1.0,0.41875,0.41875
gh_pooled,speaker4,eeg,acc,0.25,2,2.0,0.440625,0.440625
gh_pooled,speaker4,eeg,acc,0.25,3,3.0,0.428125,0.428125
gh_pooled,speaker4,eeg,acc,0.25,4,4.0,0.4702194357366771,0.4702194357366771
gh_pooled,speaker4,gaze,acc,0.25,0,0.0,0.490625,0.490625
gh_pooled,speaker4,gaze,acc,0.25,1,1.0,0.48125,0.48125
gh_pooled,speaker4,gaze,acc,0.25,2,2.0,0.503125,0.503125
gh_pooled,speaker4,gaze,acc,0.25,3,3.0,0.475,0.475
gh_pooled,speaker4,gaze,acc,0.25,4,4.0,0.47648902821316613,0.47648902821316613
gh_pooled,speaker4,imu,acc,0.25,0,0.0,0.484375,0.484375
gh_pooled,speaker4,imu,acc,0.25,1,1.0,0.4875,0.4875
gh_pooled,speaker4,imu,acc,0.25,2,2.0,0.48125,0.48125
gh_pooled,speaker4,imu,acc,0.25,3,3.0,0.4625,0.4625
gh_pooled,speaker4,imu,acc,0.25,4,4.0,0.47335423197492166,0.47335423197492166
loso,eccentricity,eeg_gaze,acc,0.5,1,,0.587,0.5848214285714286
loso,eccentricity,eeg_gaze,acc,0.5,2,,0.571,0.578125
loso,eccentricity,eeg_gaze,acc,0.5,3,,0.57,0.5700892857142857
loso,eccentricity,eeg_gaze,acc,0.5,4,,0.566,0.5888392857142857
loso,eccentricity,eeg_gaze,acc,0.5,5,,0.562,0.5642857142857143
loso,eccentricity,eeg_gaze,acc,0.5,6,,0.597,0.6120535714285714
loso,eccentricity,eeg_gaze,acc,0.5,7,,0.574,0.5901785714285714
loso,eccentricity,eeg_gaze,acc,0.5,8,,0.584,0.5955357142857143
loso,eccentricity,eeg_gaze,acc,0.5,9,,0.561,0.5513392857142857
loso,eccentricity,eeg_gaze,acc,0.5,10,,0.571,0.5388392857142857
loso,eccentricity,eeg_gaze,acc,0.5,11,,0.598,0.584375
loso,eccentricity,eeg_gaze,acc,0.5,12,,0.557,0.5589285714285714
loso,eccentricity,eeg_gaze,acc,0.5,13,,0.585,0.5558035714285714
loso,eccentricity,eeg_gaze,acc,0.5,14,,0.552,0.5651785714285714
loso,eccentricity,eeg_gaze,acc,0.5,15,,0.601010101010101,0.5995535714285715
loso,eccentricity,eeg_gaze,acc,0.5,16,,0.572,0.5584821428571428
loso,eccentricity,eeg_imu,acc,0.5,1,,0.551,0.5566964285714285
loso,eccentricity,eeg_imu,acc,0.5,2,,0.57,0.5799107142857143
loso,eccentricity,eeg_imu,acc,0.5,3,,0.568,0.5683035714285715
loso,eccentricity,eeg_imu,acc,0.5,4,,0.553,0.5669642857142857
loso,eccentricity,eeg_imu,acc,0.5,5,,0.563,0.55625
loso,eccentricity,eeg_imu,acc,0.5,6,,0.57,0.5723214285714285
loso,eccentricity,eeg_imu,acc,0.5,7,,0.559,0.5763392857142857
loso,eccentricity,eeg_imu,acc,0.5,8,,0.563,0.5888392857142857
loso,eccentricity,eeg_imu,acc,0.5,9,,0.569,0.5638392857142858
loso,eccentricity,eeg_imu,acc,0.5,10,,0.547,0.5361607142857143
loso,eccentricity,eeg_imu,acc,0.5,11,,0.553,0.553125
loso,eccentricity,eeg_imu,acc,0.5,12,,0.558,0.5678571428571428
loso,eccentricity,eeg_imu,acc,0.5,13,,0.567,0.5571428571428572
loso,eccentricity,eeg_imu,acc,0.5,14,,0.548,0.5602678571428571
loso,eccentricity,eeg_imu,acc,0.5,15,,0.5565656565656566,0.5575892857142857
loso,eccentricity,eeg_imu,acc,0.5,16,,0.56,0.5513392857142857
loso,eccentricity,gaze_imu,acc,0.5,1,,0.587,0.5848214285714286
loso,eccentricity,gaze_imu,acc,0.5,2,,0.565,0.5714285714285714
loso,eccentricity,gaze_imu,acc,0.5,3,,0.565,0.5678571428571428
loso,eccentricity,gaze_imu,acc,0.5,4,,0.571,0.5870535714285714
loso,eccentricity,gaze_imu,acc,0.5,5,,0.564,0.5553571428571429
loso,eccentricity,gaze_imu,acc,0.5,6,,0.598,0.6125
loso,eccentricity,gaze_imu,acc,0.5,7,,0.573,0.5892857142857143
loso,eccentricity,gaze_imu,acc,0.5,8,,0.565,0.5941964285714286
loso,eccentricity,gaze_imu,acc,0.5,9,,0.57,0.5629464285714286
loso,eccentricity,gaze_imu,acc,0.5,10,,0.548,0.5348214285714286
loso,eccentricity,gaze_imu,acc,0.5,11,,0.598,0.584375
loso,eccentricity,gaze_imu,acc,0.5,12,,0.552,0.565625
loso,eccentricity,gaze_imu,acc,0.5,13,,0.584,0.5544642857142857
loso,eccentricity,gaze_imu,acc,0.5,14,,0.548,0.5589285714285714
loso,eccentricity,gaze_imu,acc,0.5,15,,0.601010101010101,0.5991071428571428
loso,eccentricity,gaze_imu,acc,0.5,16,,0.56,0.5508928571428572
loso,eccentricity,eeg_gaze_imu,acc,0.5,1,,0.587,0.5848214285714286
loso,eccentricity,eeg_gaze_imu,acc,0.5,2,,0.565,0.5714285714285714
loso,eccentricity,eeg_gaze_imu,acc,0.5,3,,0.565,0.5678571428571428
loso,eccentricity,eeg_gaze_imu,acc,0.5,4,,0.571,0.5870535714285714
loso,eccentricity,eeg_gaze_imu,acc,0.5,5,,0.565,0.55625
loso,eccentricity,eeg_gaze_imu,acc,0.5,6,,0.597,0.6125
loso,eccentricity,eeg_gaze_imu,acc,0.5,7,,0.574,0.5892857142857143
loso,eccentricity,eeg_gaze_imu,acc,0.5,8,,0.561,0.5946428571428571
loso,eccentricity,eeg_gaze_imu,acc,0.5,9,,0.569,0.5633928571428571
loso,eccentricity,eeg_gaze_imu,acc,0.5,10,,0.548,0.5361607142857143
loso,eccentricity,eeg_gaze_imu,acc,0.5,11,,0.598,0.584375
loso,eccentricity,eeg_gaze_imu,acc,0.5,12,,0.558,0.5683035714285715
loso,eccentricity,eeg_gaze_imu,acc,0.5,13,,0.584,0.5544642857142857
loso,eccentricity,eeg_gaze_imu,acc,0.5,14,,0.549,0.5607142857142857
loso,eccentricity,eeg_gaze_imu,acc,0.5,15,,0.601010101010101,0.5991071428571428
loso,eccentricity,eeg_gaze_imu,acc,0.5,16,,0.568,0.5526785714285715
loso,hemisphere,eeg_gaze,acc,0.5,1,,0.548,0.5674107142857143
loso,hemisphere,eeg_gaze,acc,0.5,2,,0.556,0.5732142857142857
loso,hemisphere,eeg_gaze,acc,0.5,3,,0.56,0.5642857142857143
loso,hemisphere,eeg_gaze,acc,0.5,4,,0.569,0.5857142857142857
loso,hemisphere,eeg_gaze,acc,0.5,5,,0.559,0.559375
loso,hemisphere,eeg_gaze,acc,0.5,6,,0.546,0.5683035714285715
loso,hemisphere,eeg_gaze,acc,0.5,7,,0.576,0.5660714285714286
loso,hemisphere,eeg_gaze,acc,0.5,8,,0.552,0.5383928571428571
loso,hemisphere,eeg_gaze,acc,0.5,9,,0.551,0.55
loso,hemisphere,eeg_gaze,acc,0.5,10,,0.565,0.5566964285714285
loso,hemisphere,eeg_gaze,acc,0.5,11,,0.578,0.590625
loso,hemisphere,eeg_gaze,acc,0.5,12,,0.558,0.5745535714285714
loso,hemisphere,eeg_gaze,acc,0.5,13,,0.577,0.5575892857142857
loso,hemisphere,eeg_gaze,acc,0.5,14,,0.554,0.5892857142857143
loso,hemisphere,eeg_gaze,acc,0.5,15,,0.5666666666666667,0.5714285714285714
loso,hemisphere,eeg_gaze,acc,0.5,16,,0.57,0.5526785714285715
loso,hemisphere,eeg_imu,acc,0.5,1,,0.563,0.575
loso,hemisphere,eeg_imu,acc,0.5,2,,0.585,0.5696428571428571
loso,hemisphere,eeg_imu,acc,0.5,3,,0.572,0.5660714285714286
loso,hemisphere,eeg_imu,acc,0.5,4,,0.565,0.5901785714285714
loso,hemisphere,eeg_imu,acc,0.5,5,,0.564,0.578125
loso,hemisphere,eeg_imu,acc,0.5,6,,0.58,0.5959821428571429
loso,hemisphere,eeg_imu,acc,0.5,7,,0.569,0.5571428571428572
loso,hemisphere,eeg_imu,acc,0.5,8,,0.56,0.5526785714285715
loso,hemisphere,eeg_imu,acc,0.5,9,,0.563,0.5683035714285715
loso,hemisphere,eeg_imu,acc,0.5,10,,0.56,0.5665178571428572
loso,hemisphere,eeg_imu,acc,0.5,11,,0.563,0.59375
loso,hemisphere,eeg_imu,acc,0.5,12,,0.585,0.5986607142857143
loso,hemisphere,eeg_imu,acc,0.5,13,,0.552,0.5383928571428571
loso,hemisphere,eeg_imu,acc,0.5,14,,0.566,0.5794642857142858
loso,hemisphere,eeg_imu,acc,0.5,15,,0.5787878787878787,0.5821428571428572
loso,hemisphere,eeg_imu,acc,0.5,16,,0.584,0.5625
loso,hemisphere,gaze_imu,acc,0.5,1,,0.562,0.5745535714285714
loso,hemisphere,gaze_imu,acc,0.5,2,,0.584,0.5691964285714286
loso,hemisphere,gaze_imu,acc,0.5,3,,0.568,0.565625
loso,hemisphere,gaze_imu,acc,0.5,4,,0.567,0.5866071428571429
loso,hemisphere,gaze_imu,acc,0.5,5,,0.565,0.578125
loso,hemisphere,gaze_imu,acc,0.5,6,,0.579,0.5959821428571429
loso,hemisphere,gaze_imu,acc,0.5,7,,0.563,0.5669642857142857
loso,hemisphere,gaze_imu,acc,0.5,8,,0.562,0.5526785714285715
loso,hemisphere,gaze_imu,acc,0.5,9,,0.563,0.5665178571428572
loso,hemisphere,gaze_imu,acc,0.5,10,,0.559,0.5669642857142857
loso,hemisphere,gaze_imu,acc,0.5,11,,0.563,0.59375
loso,hemisphere,gaze_imu,acc,0.5,12,,0.586,0.5982142857142857
loso,hemisphere,gaze_imu,acc,0.5,13,,0.576,0.5598214285714286
loso,hemisphere,gaze_imu,acc,0.5,14,,0.571,0.5799107142857143
loso,hemisphere,gaze_imu,acc,0.5,15,,0.5777777777777777,0.5821428571428572
loso,hemisphere,gaze_imu,acc,0.5,16,,0.584,0.5696428571428571
loso,hemisphere,eeg_gaze_imu,acc,0.5,1,,0.563,0.575
loso,hemisphere,eeg_gaze_imu,acc,0.5,2,,0.584,0.5691964285714286
loso,hemisphere,eeg_gaze_imu,acc,0.5,3,,0.569,0.5665178571428572
loso,hemisphere,eeg_gaze_imu,acc,0.5,4,,0.567,0.5866071428571429
loso,hemisphere,eeg_gaze_imu,acc,0.5,5,,0.565,0.5776785714285714
loso,hemisphere,eeg_gaze_imu,acc,0.5,6,,0.58,0.5964285714285714
loso,hemisphere,eeg_gaze_imu,acc,0.5,7,,0.569,0.5571428571428572
loso,hemisphere,eeg_gaze_imu,acc,0.5,8,,0.56,0.5526785714285715
loso,hemisphere,eeg_gaze_imu,acc,0.5,9,,0.562,0.5665178571428572
loso,hemisphere,eeg_gaze_imu,acc,0.5,10,,0.557,0.5669642857142857
loso,hemisphere,eeg_gaze_imu,acc,0.5,11,,0.562,0.5941964285714286
loso,hemisphere,eeg_gaze_imu,acc,0.5,12,,0.586,0.5982142857142857
loso,hemisphere,eeg_gaze_imu,acc,0.5,13,,0.576,0.559375
loso,hemisphere,eeg_gaze_imu,acc,0.5,14,,0.566,0.5790178571428571
loso,hemisphere,eeg_gaze_imu,acc,0.5,15,,0.5777777777777777,0.5821428571428572
loso,hemisphere,eeg_gaze_imu,acc,0.5,16,,0.581,0.5633928571428571
loso,speaker4,eeg_gaze,acc,0.25,1,,0.369,0.3736607142857143
loso,speaker4,eeg_gaze,acc,0.25,2,,0.365,0.37098214285714287
loso,speaker4,eeg_gaze,acc,0.25,3,,0.358,0.3638392857142857
loso,speaker4,eeg_gaze,acc,0.25,4,,0.371,0.39375
loso,speaker4,eeg_gaze,acc,0.25,5,,0.364,0.3517857142857143
loso,speaker4,eeg_gaze,acc,0.25,6,,0.409,0.40669642857142857
loso,speaker4,eeg_gaze,acc,0.25,7,,0.401,0.39553571428571427
loso,speaker4,eeg_gaze,acc,0.25,8,,0.371,0.3794642857142857
loso,speaker4,eeg_gaze,acc,0.25,9,,0.376,0.390625
loso,speaker4,eeg_gaze,acc,0.25,10,,0.416,0.40535714285714286
loso,speaker4,eeg_gaze,acc,0.25,11,,0.374,0.3691964285714286
loso,speaker4,eeg_gaze,acc,0.25,12,,0.391,0.38839285714285715
loso,speaker4,eeg_gaze,acc,0.25,13,,0.414,0.4
loso,speaker4,eeg_gaze,acc,0.25,14,,0.374,0.3879464285714286
loso,speaker4,eeg_gaze,acc,0.25,15,,0.3565656565656566,0.35982142857142857
loso,speaker4,eeg_gaze,acc,0.25,16,,0.403,0.4107142857142857
loso,speaker4,eeg_imu,acc,0.25,1,,0.361,0.3723214285714286
loso,speaker4,eeg_imu,acc,0.25,2,,0.369,0.38125
loso,speaker4,eeg_imu,acc,0.25,3,,0.358,0.3513392857142857
loso,speaker4,eeg_imu,acc,0.25,4,,0.361,0.39419642857142856
loso,speaker4,eeg_imu,acc,0.25,5,,0.36,0.35044642857142855
loso,speaker4,eeg_imu,acc,0.25,6,,0.41,0.40669642857142857
loso,speaker4,eeg_imu,acc,0.25,7,,0.399,0.39598214285714284
loso,speaker4,eeg_imu,acc,0.25,8,,0.363,0.38035714285714284
loso,speaker4,eeg_imu,acc,0.25,9,,0.345,0.34375
loso,speaker4,eeg_imu,acc,0.25,10,,0.401,0.39107142857142857
loso,speaker4,eeg_imu,acc,0.25,11,,0.361,0.3464285714285714
loso,speaker4,eeg_imu,acc,0.25,12,,0.374,0.3665178571428571
loso,speaker4,eeg_imu,acc,0.25,13,,0.412,0.4
loso,speaker4,eeg_imu,acc,0.25,14,,0.369,0.37098214285714287
loso,speaker4,eeg_imu,acc,0.25,15,,0.3505050505050505,0.36607142857142855
loso,speaker4,eeg_imu,acc,0.25,16,,0.401,0.4107142857142857
loso,speaker4,gaze_imu,acc,0.25,1,,0.372,0.3776785714285714
loso,speaker4,gaze_imu,acc,0.25,2,,0.37,0.37991071428571427
loso,speaker4,gaze_imu,acc,0.25,3,,0.358,0.3513392857142857
loso,speaker4,gaze_imu,acc,0.25,4,,0.366,0.3964285714285714
loso,speaker4,gaze_imu,acc,0.25,5,,0.36,0.35044642857142855
loso,speaker4,gaze_imu,acc,0.25,6,,0.349,0.3464285714285714
loso,speaker4,gaze_imu,acc,0.25,7,,0.343,0.3495535714285714
loso,speaker4,gaze_imu,acc,0.25,8,,0.363,0.38125
loso,speaker4,gaze_imu,acc,0.25,9,,0.377,0.39151785714285714
loso,speaker4,gaze_imu,acc,0.25,10,,0.418,0.40580357142857143
loso,speaker4,gaze_imu,acc,0.25,11,,0.376,0.37098214285714287
loso,speaker4,gaze_imu,acc,0.25,12,,0.388,0.3892857142857143
loso,speaker4,gaze_imu,acc,0.25,13,,0.355,0.34017857142857144
loso,speaker4,gaze_imu,acc,0.25,14,,0.371,0.37410714285714286
loso,speaker4,gaze_imu,acc,0.25,15,,0.3616161616161616,0.3705357142857143
loso,speaker4,gaze_imu,acc,0.25,16,,0.36,0.3535714285714286
loso,speaker4,eeg_gaze_imu,acc,0.25,1,,0.37,0.3763392857142857
loso,speaker4,eeg_gaze_imu,acc,0.25,2,,0.37,0.37991071428571427
loso,speaker4,eeg_gaze_imu,acc,0.25,3,,0.357,0.3513392857142857
loso,speaker4,eeg_gaze_imu,acc,0.25,4,,0.361,0.39419642857142856
loso,speaker4,eeg_gaze_imu,acc,0.25,5,,0.361,0.35044642857142855
loso,speaker4,eeg_gaze_imu,acc,0.25,6,,0.409,0.40669642857142857
loso,speaker4,eeg_gaze_imu,acc,0.25,7,,0.398,0.39553571428571427
loso,speaker4,eeg_gaze_imu,acc,0.25,8,,0.362,0.38125
loso,speaker4,eeg_gaze_imu,acc,0.25,9,,0.377,0.39107142857142857
loso,speaker4,eeg_gaze_imu,acc,0.25,10,,0.417,0.4049107142857143
loso,speaker4,eeg_gaze_imu,acc,0.25,11,,0.376,0.37098214285714287
loso,speaker4,eeg_gaze_imu,acc,0.25,12,,0.391,0.3892857142857143
loso,speaker4,eeg_gaze_imu,acc,0.25,13,,0.413,0.4004464285714286
loso,speaker4,eeg_gaze_imu,acc,0.25,14,,0.371,0.37410714285714286
loso,speaker4,eeg_gaze_imu,acc,0.25,15,,0.3575757575757576,0.37008928571428573
loso,speaker4,eeg_gaze_imu,acc,0.25,16,,0.4,0.41116071428571427
loso,eccentricity,eeg,acc,0.5,10,,0.571,0.5383928571428571
loso,eccentricity,gaze,acc,0.5,10,,0.564,0.54375
loso,eccentricity,imu,acc,0.5,10,,0.547,0.5348214285714286
loso,hemisphere,eeg,acc,0.5,10,,0.569,0.5566964285714285
loso,hemisphere,gaze,acc,0.5,10,,0.565,0.5558035714285714
loso,hemisphere,imu,acc,0.5,10,,0.56,0.5665178571428572
loso,reconstruction,eeg,pearson_r,0.0,10,,0.019799701869487762,0.0058492617681622505
loso,reconstruction,eeg_gaze,pearson_r,0.0,10,,0.018661262467503548,0.004870607517659664
loso,reconstruction,eeg_gaze_imu,pearson_r,0.0,10,,0.012957333587110043,0.004415946546941996
loso,reconstruction,eeg_imu,pearson_r,0.0,10,,0.004800316412001848,0.006937235593795776
loso,reconstruction,gaze,pearson_r,0.0,10,,0.0,0.0
loso,reconstruction,gaze_imu,pearson_r,0.0,10,,0.0,0.0
loso,reconstruction,imu,pearson_r,0.0,10,,0.0,0.0
loso,speaker4,eeg,acc,0.25,10,,0.401,0.39107142857142857
loso,speaker4,gaze,acc,0.25,10,,0.416,0.4049107142857143
loso,speaker4,imu,acc,0.25,10,,0.342,0.33035714285714285
loso,eccentricity,eeg,acc,0.5,11,,0.554,0.5410714285714285
loso,eccentricity,gaze,acc,0.5,11,,0.598,0.584375
loso,eccentricity,imu,acc,0.5,11,,0.553,0.553125
loso,hemisphere,eeg,acc,0.5,11,,0.576,0.5919642857142857
loso,hemisphere,gaze,acc,0.5,11,,0.578,0.5901785714285714
loso,hemisphere,imu,acc,0.5,11,,0.563,0.59375
loso,reconstruction,eeg,pearson_r,0.0,11,,0.009219402447342873,0.0068709030747413635
loso,reconstruction,eeg_gaze,pearson_r,0.0,11,,0.006875711493194103,0.00933317095041275
loso,reconstruction,eeg_gaze_imu,pearson_r,0.0,11,,0.002274942584335804,0.0079033263027668
loso,reconstruction,eeg_imu,pearson_r,0.0,11,,0.0024133920669555664,0.006979538127779961
loso,reconstruction,gaze,pearson_r,0.0,11,,0.0,0.0
loso,reconstruction,gaze_imu,pearson_r,0.0,11,,0.0,0.0
loso,reconstruction,imu,pearson_r,0.0,11,,0.0,0.0
loso,speaker4,eeg,acc,0.25,11,,0.319,0.3209821428571429
loso,speaker4,gaze,acc,0.25,11,,0.37,0.3665178571428571
loso,speaker4,imu,acc,0.25,11,,0.363,0.3464285714285714
loso,eccentricity,eeg,acc,0.5,12,,0.552,0.5616071428571429
loso,eccentricity,gaze,acc,0.5,12,,0.562,0.5616071428571429
loso,eccentricity,imu,acc,0.5,12,,0.551,0.5642857142857143
loso,hemisphere,eeg,acc,0.5,12,,0.557,0.5691964285714286
loso,hemisphere,gaze,acc,0.5,12,,0.552,0.5776785714285714
loso,hemisphere,imu,acc,0.5,12,,0.586,0.5977678571428572
loso,reconstruction,eeg,pearson_r,0.0,12,,-0.0009717774228192866,0.011668503284454346
loso,reconstruction,eeg_gaze,pearson_r,0.0,12,,0.0050217388197779655,0.010892924852669239
loso,reconstruction,eeg_gaze_imu,pearson_r,0.0,12,,0.0011619525030255318,0.010379081591963768
loso,reconstruction,eeg_imu,pearson_r,0.0,12,,-0.0020164756570011377,0.011392617598176003
loso,reconstruction,gaze,pearson_r,0.0,12,,0.0,0.0
loso,reconstruction,gaze_imu,pearson_r,0.0,12,,0.0,0.0
loso,reconstruction,imu,pearson_r,0.0,12,,0.0,0.0
loso,speaker4,eeg,acc,0.25,12,,0.37,0.3665178571428571
loso,speaker4,gaze,acc,0.25,12,,0.382,0.3830357142857143
loso,speaker4,imu,acc,0.25,12,,0.363,0.35
loso,eccentricity,eeg,acc,0.5,13,,0.559,0.5674107142857143
loso,eccentricity,gaze,acc,0.5,13,,0.585,0.5544642857142857
loso,eccentricity,imu,acc,0.5,13,,0.561,0.5553571428571429
loso,hemisphere,eeg,acc,0.5,13,,0.551,0.5383928571428571
loso,hemisphere,gaze,acc,0.5,13,,0.576,0.5598214285714286
loso,hemisphere,imu,acc,0.5,13,,0.565,0.5575892857142857
loso,reconstruction,eeg,pearson_r,0.0,13,,0.014991533942520618,0.006186951417475939
loso,reconstruction,eeg_gaze,pearson_r,0.0,13,,0.0097487298771739,0.0021907594054937363
loso,reconstruction,eeg_gaze_imu,pearson_r,0.0,13,,0.00740837212651968,0.0028749327175319195
loso,reconstruction,eeg_imu,pearson_r,0.0,13,,0.01728377863764763,0.006621530279517174
loso,reconstruction,gaze,pearson_r,0.0,13,,0.0,0.0
loso,reconstruction,gaze_imu,pearson_r,0.0,13,,0.0,0.0
loso,reconstruction,imu,pearson_r,0.0,13,,0.0,0.0
loso,speaker4,eeg,acc,0.25,13,,0.414,0.39955357142857145
loso,speaker4,gaze,acc,0.25,13,,0.36,0.3392857142857143
loso,speaker4,imu,acc,0.25,13,,0.356,0.34017857142857144
loso,eccentricity,eeg,acc,0.5,14,,0.566,0.5758928571428571
loso,eccentricity,gaze,acc,0.5,14,,0.553,0.5625
loso,eccentricity,imu,acc,0.5,14,,0.548,0.5575892857142857
loso,hemisphere,eeg,acc,0.5,14,,0.563,0.578125
loso,hemisphere,gaze,acc,0.5,14,,0.556,0.5848214285714286
loso,hemisphere,imu,acc,0.5,14,,0.566,0.5785714285714286
loso,reconstruction,eeg,pearson_r,0.0,14,,0.002183597069233656,-0.0009578036260791123
loso,reconstruction,eeg_gaze,pearson_r,0.0,14,,0.002798505825921893,-0.001210587564855814
loso,reconstruction,eeg_gaze_imu,pearson_r,0.0,14,,0.0035945691633969545,-0.0023433100432157516
loso,reconstruction,eeg_imu,pearson_r,0.0,14,,0.002225512871518731,-0.0002989432541653514
loso,reconstruction,gaze,pearson_r,0.0,14,,0.0,0.0
loso,reconstruction,gaze_imu,pearson_r,0.0,14,,0.0,0.0
loso,reconstruction,imu,pearson_r,0.0,14,,0.0,0.0
loso,speaker4,eeg,acc,0.25,14,,0.344,0.34419642857142857
loso,speaker4,gaze,acc,0.25,14,,0.373,0.38660714285714287
loso,speaker4,imu,acc,0.25,14,,0.37,0.37098214285714287
loso,eccentricity,eeg,acc,0.5,15,,0.5444444444444444,0.5486607142857143
loso,eccentricity,gaze,acc,0.5,15,,0.601010101010101,0.5991071428571428
loso,eccentricity,imu,acc,0.5,15,,0.5565656565656566,0.5575892857142857
loso,hemisphere,eeg,acc,0.5,15,,0.5505050505050505,0.5459821428571429
loso,hemisphere,gaze,acc,0.5,15,,0.5636363636363636,0.5709821428571429
loso,hemisphere,imu,acc,0.5,15,,0.5797979797979798,0.5816964285714286
loso,reconstruction,eeg,pearson_r,0.0,15,,-0.00025209368322975934,0.015764454379677773
loso,reconstruction,eeg_gaze,pearson_r,0.0,15,,0.003601912409067154,0.017261238768696785
loso,reconstruction,eeg_gaze_imu,pearson_r,0.0,15,,0.004890664014965296,0.013319152407348156
loso,reconstruction,eeg_imu,pearson_r,0.0,15,,-0.0014820118667557836,0.012518997304141521
loso,reconstruction,gaze,pearson_r,0.0,15,,0.0,0.0
loso,reconstruction,gaze_imu,pearson_r,0.0,15,,0.0,0.0
loso,reconstruction,imu,pearson_r,0.0,15,,0.0,0.0
loso,speaker4,eeg,acc,0.25,15,,0.3505050505050505,0.35
loso,speaker4,gaze,acc,0.25,15,,0.35454545454545455,0.359375
loso,speaker4,imu,acc,0.25,15,,0.34949494949494947,0.3620535714285714
loso,eccentricity,eeg,acc,0.5,16,,0.574,0.5638392857142858
loso,eccentricity,gaze,acc,0.5,16,,0.575,0.5571428571428572
loso,eccentricity,imu,acc,0.5,16,,0.559,0.5508928571428572
loso,hemisphere,eeg,acc,0.5,16,,0.565,0.5513392857142857
loso,hemisphere,gaze,acc,0.5,16,,0.57,0.5526785714285715
loso,hemisphere,imu,acc,0.5,16,,0.583,0.5660714285714286
loso,reconstruction,eeg,pearson_r,0.0,16,,0.0006995663861744106,0.008037992753088474
loso,reconstruction,eeg_gaze,pearson_r,0.0,16,,-0.004732717759907246,0.010199450887739658
loso,reconstruction,eeg_gaze_imu,pearson_r,0.0,16,,-0.0073831044137477875,0.009579169563949108
loso,reconstruction,eeg_imu,pearson_r,0.0,16,,-0.0030833266209810972,0.008624156937003136
loso,reconstruction,gaze,pearson_r,0.0,16,,0.0,0.0
loso,reconstruction,gaze_imu,pearson_r,0.0,16,,0.0,0.0
loso,reconstruction,imu,pearson_r,0.0,16,,0.0,0.0
loso,speaker4,eeg,acc,0.25,16,,0.403,0.4107142857142857
loso,speaker4,gaze,acc,0.25,16,,0.356,0.3669642857142857
loso,speaker4,imu,acc,0.25,16,,0.363,0.35267857142857145
loso,eccentricity,eeg,acc,0.5,1,,0.564,0.559375
loso,eccentricity,gaze,acc,0.5,1,,0.587,0.5848214285714286
loso,eccentricity,imu,acc,0.5,1,,0.549,0.5544642857142857
loso,hemisphere,eeg,acc,0.5,1,,0.555,0.5669642857142857
loso,hemisphere,gaze,acc,0.5,1,,0.549,0.5660714285714286
loso,hemisphere,imu,acc,0.5,1,,0.563,0.5741071428571428
loso,reconstruction,eeg,pearson_r,0.0,1,,0.00988114532083273,0.017265720292925835
loso,reconstruction,eeg_gaze,pearson_r,0.0,1,,0.00890088826417923,0.013747365213930607
loso,reconstruction,eeg_gaze_imu,pearson_r,0.0,1,,0.009109443984925747,0.013657992705702782
loso,reconstruction,eeg_imu,pearson_r,0.0,1,,0.010202523320913315,0.017745641991496086
loso,reconstruction,gaze,pearson_r,0.0,1,,0.0,0.0
loso,reconstruction,gaze_imu,pearson_r,0.0,1,,0.0,0.0
loso,reconstruction,imu,pearson_r,0.0,1,,0.0,0.0
loso,speaker4,eeg,acc,0.25,1,,0.33,0.3392857142857143
loso,speaker4,gaze,acc,0.25,1,,0.368,0.3736607142857143
loso,speaker4,imu,acc,0.25,1,,0.363,0.3723214285714286
loso,eccentricity,eeg,acc,0.5,2,,0.562,0.5709821428571429
loso,eccentricity,gaze,acc,0.5,2,,0.571,0.578125
loso,eccentricity,imu,acc,0.5,2,,0.572,0.5799107142857143
loso,hemisphere,eeg,acc,0.5,2,,0.571,0.5741071428571428
loso,hemisphere,gaze,acc,0.5,2,,0.556,0.5732142857142857
loso,hemisphere,imu,acc,0.5,2,,0.585,0.5691964285714286
loso,reconstruction,eeg,pearson_r,0.0,2,,0.003946049604564905,0.01089292112737894
loso,reconstruction,eeg_gaze,pearson_r,0.0,2,,0.0058591533452272415,0.009366709738969803
loso,reconstruction,eeg_gaze_imu,pearson_r,0.0,2,,0.003416841384023428,0.008324201218783855
loso,reconstruction,eeg_imu,pearson_r,0.0,2,,0.0017168755875900388,0.009288033470511436
loso,reconstruction,gaze,pearson_r,0.0,2,,0.0,0.0
loso,reconstruction,gaze_imu,pearson_r,0.0,2,,-0.011803572066128254,-0.0001803063933039084
loso,reconstruction,imu,pearson_r,0.0,2,,-0.005775893572717905,0.0036467539612203836
loso,speaker4,eeg,acc,0.25,2,,0.336,0.36026785714285714
loso,speaker4,gaze,acc,0.25,2,,0.365,0.37098214285714287
loso,speaker4,imu,acc,0.25,2,,0.369,0.38035714285714284
loso,eccentricity,eeg,acc,0.5,3,,0.552,0.5580357142857143
loso,eccentricity,gaze,acc,0.5,3,,0.57,0.5700892857142857
loso,eccentricity,imu,acc,0.5,3,,0.565,0.5678571428571428
loso,hemisphere,eeg,acc,0.5,3,,0.547,0.5575892857142857
loso,hemisphere,gaze,acc,0.5,3,,0.562,0.5633928571428571
loso,hemisphere,imu,acc,0.5,3,,0.568,0.5638392857142858
loso,reconstruction,eeg,pearson_r,0.0,3,,0.002254025312140584,0.004423182457685471
loso,reconstruction,eeg_gaze,pearson_r,0.0,3,,0.004073892720043659,0.006797366309911013
loso,reconstruction,eeg_gaze_imu,pearson_r,0.0,3,,0.004215847700834274,0.00653725303709507
loso,reconstruction,eeg_imu,pearson_r,0.0,3,,0.0030346866697072983,0.006333047524094582
loso,reconstruction,gaze,pearson_r,0.0,3,,0.0,0.0
loso,reconstruction,gaze_imu,pearson_r,0.0,3,,0.0,0.0
loso,reconstruction,imu,pearson_r,0.0,3,,0.0,0.0
loso,speaker4,eeg,acc,0.25,3,,0.311,0.3209821428571429
loso,speaker4,gaze,acc,0.25,3,,0.359,0.36339285714285713
loso,speaker4,imu,acc,0.25,3,,0.358,0.3508928571428571
loso,eccentricity,eeg,acc,0.5,4,,0.558,0.5758928571428571
loso,eccentricity,gaze,acc,0.5,4,,0.565,0.5861607142857143
loso,eccentricity,imu,acc,0.5,4,,0.554,0.5660714285714286
loso,hemisphere,eeg,acc,0.5,4,,0.565,0.5821428571428572
loso,hemisphere,gaze,acc,0.5,4,,0.573,0.5892857142857143
loso,hemisphere,imu,acc,0.5,4,,0.566,0.5848214285714286
loso,reconstruction,eeg,pearson_r,0.0,4,,-0.0009726542048156261,0.012724294327199459
loso,reconstruction,eeg_gaze,pearson_r,0.0,4,,-0.004844137001782656,0.012967023067176342
loso,reconstruction,eeg_gaze_imu,pearson_r,0.0,4,,-0.0027303723618388176,0.014835729263722897
loso,reconstruction,eeg_imu,pearson_r,0.0,4,,0.0029488755390048027,0.013677881099283695
loso,reconstruction,gaze,pearson_r,0.0,4,,0.0,0.0
loso,reconstruction,gaze_imu,pearson_r,0.0,4,,0.0,0.0
loso,reconstruction,imu,pearson_r,0.0,4,,0.0,0.0
loso,speaker4,eeg,acc,0.25,4,,0.34,0.3638392857142857
loso,speaker4,gaze,acc,0.25,4,,0.366,0.3888392857142857
loso,speaker4,imu,acc,0.25,4,,0.361,0.39285714285714285
loso,eccentricity,eeg,acc,0.5,5,,0.565,0.5540178571428571
loso,eccentricity,gaze,acc,0.5,5,,0.561,0.5633928571428571
loso,eccentricity,imu,acc,0.5,5,,0.565,0.5526785714285715
loso,hemisphere,eeg,acc,0.5,5,,0.547,0.5602678571428571
loso,hemisphere,gaze,acc,0.5,5,,0.558,0.5723214285714285
loso,hemisphere,imu,acc,0.5,5,,0.565,0.5772321428571429
loso,reconstruction,eeg,pearson_r,0.0,5,,0.004312694072723389,0.015794627368450165
loso,reconstruction,eeg_gaze,pearson_r,0.0,5,,0.006972610484808683,0.017694026231765747
loso,reconstruction,eeg_gaze_imu,pearson_r,0.0,5,,0.004557064734399319,0.016032347455620766
loso,reconstruction,eeg_imu,pearson_r,0.0,5,,0.002556055085733533,0.014791839756071568
loso,reconstruction,gaze,pearson_r,0.0,5,,0.0,0.0
loso,reconstruction,gaze_imu,pearson_r,0.0,5,,0.0,0.0
loso,reconstruction,imu,pearson_r,0.0,5,,0.0,0.0
loso,speaker4,eeg,acc,0.25,5,,0.322,0.30848214285714287
loso,speaker4,gaze,acc,0.25,5,,0.362,0.34910714285714284
loso,speaker4,imu,acc,0.25,5,,0.36,0.35044642857142855
loso,eccentricity,eeg,acc,0.5,6,,0.533,0.5607142857142857
loso,eccentricity,gaze,acc,0.5,6,,0.597,0.6120535714285714
loso,eccentricity,imu,acc,0.5,6,,0.57,0.5723214285714285
loso,hemisphere,eeg,acc,0.5,6,,0.545,0.565625
loso,hemisphere,gaze,acc,0.5,6,,0.556,0.5790178571428571
loso,hemisphere,imu,acc,0.5,6,,0.58,0.5959821428571429
loso,reconstruction,eeg,pearson_r,0.0,6,,0.013486415147781372,0.015848925337195396
loso,reconstruction,eeg_gaze,pearson_r,0.0,6,,0.009045322425663471,0.015242839232087135
loso,reconstruction,eeg_gaze_imu,pearson_r,0.0,6,,0.008885825052857399,0.014390495605766773
loso,reconstruction,eeg_imu,pearson_r,0.0,6,,0.01264969166368246,0.014970337972044945
loso,reconstruction,gaze,pearson_r,0.0,6,,0.0,0.0
loso,reconstruction,gaze_imu,pearson_r,0.0,6,,0.0,0.0
loso,reconstruction,imu,pearson_r,0.0,6,,0.0,0.0
loso,speaker4,eeg,acc,0.25,6,,0.408,0.40625
loso,speaker4,gaze,acc,0.25,6,,0.353,0.3535714285714286
loso,speaker4,imu,acc,0.25,6,,0.35,0.34598214285714285
loso,eccentricity,eeg,acc,0.5,7,,0.579,0.5852678571428571
loso,eccentricity,gaze,acc,0.5,7,,0.573,0.5883928571428572
loso,eccentricity,imu,acc,0.5,7,,0.559,0.5758928571428571
loso,hemisphere,eeg,acc,0.5,7,,0.575,0.5660714285714286
loso,hemisphere,gaze,acc,0.5,7,,0.557,0.5602678571428571
loso,hemisphere,imu,acc,0.5,7,,0.564,0.5674107142857143
loso,reconstruction,eeg,pearson_r,0.0,7,,0.01552982535213232,0.007281075231730938
loso,reconstruction,eeg_gaze,pearson_r,0.0,7,,0.013395269401371479,0.007219893392175436
loso,reconstruction,eeg_gaze_imu,pearson_r,0.0,7,,0.007423366419970989,0.009061364457011223
loso,reconstruction,eeg_imu,pearson_r,0.0,7,,0.009259806014597416,0.008299572393298149
loso,reconstruction,gaze,pearson_r,0.0,7,,0.0,0.0
loso,reconstruction,gaze_imu,pearson_r,0.0,7,,0.0,0.0
loso,reconstruction,imu,pearson_r,0.0,7,,0.0,0.0
loso,speaker4,eeg,acc,0.25,7,,0.397,0.39553571428571427
loso,speaker4,gaze,acc,0.25,7,,0.342,0.34419642857142857
loso,speaker4,imu,acc,0.25,7,,0.342,0.32767857142857143
loso,eccentricity,eeg,acc,0.5,8,,0.567,0.5897321428571428
loso,eccentricity,gaze,acc,0.5,8,,0.581,0.590625
loso,eccentricity,imu,acc,0.5,8,,0.562,0.5861607142857143
loso,hemisphere,eeg,acc,0.5,8,,0.548,0.5441964285714286
loso,hemisphere,gaze,acc,0.5,8,,0.552,0.5383928571428571
loso,hemisphere,imu,acc,0.5,8,,0.561,0.5522321428571428
loso,reconstruction,eeg,pearson_r,0.0,8,,-0.0017333166906610131,0.003999998793005943
loso,reconstruction,eeg_gaze,pearson_r,0.0,8,,0.009061130695044994,0.0050137098878622055
loso,reconstruction,eeg_gaze_imu,pearson_r,0.0,8,,0.0035105461720377207,0.006317031569778919
loso,reconstruction,eeg_imu,pearson_r,0.0,8,,0.0006699957884848118,0.004942247644066811
loso,reconstruction,gaze,pearson_r,0.0,8,,0.0,0.0
loso,reconstruction,gaze_imu,pearson_r,0.0,8,,0.0,0.0
loso,reconstruction,imu,pearson_r,0.0,8,,0.0,0.0
loso,speaker4,eeg,acc,0.25,8,,0.329,0.3419642857142857
loso,speaker4,gaze,acc,0.25,8,,0.371,0.37857142857142856
loso,speaker4,imu,acc,0.25,8,,0.363,0.38035714285714284
loso,eccentricity,eeg,acc,0.5,9,,0.572,0.5763392857142857
loso,eccentricity,gaze,acc,0.5,9,,0.555,0.5455357142857142
loso,eccentricity,imu,acc,0.5,9,,0.571,0.5620535714285714
loso,hemisphere,eeg,acc,0.5,9,,0.548,0.5491071428571429
loso,hemisphere,gaze,acc,0.5,9,,0.561,0.5477678571428571
loso,hemisphere,imu,acc,0.5,9,,0.563,0.5674107142857143
loso,reconstruction,eeg,pearson_r,0.0,9,,0.006123661063611507,0.01236161682754755
loso,reconstruction,eeg_gaze,pearson_r,0.0,9,,0.004513866733759642,0.014074871316552162
loso,reconstruction,eeg_gaze_imu,pearson_r,0.0,9,,-0.0008337240433320403,0.012551646679639816
loso,reconstruction,eeg_imu,pearson_r,0.0,9,,0.006105427164584398,0.01204718928784132
loso,reconstruction,gaze,pearson_r,0.0,9,,0.0,0.0
loso,reconstruction,gaze_imu,pearson_r,0.0,9,,0.0,0.0
loso,reconstruction,imu,pearson_r,0.0,9,,0.0,0.0
loso,speaker4,eeg,acc,0.25,9,,0.323,0.3419642857142857
loso,speaker4,gaze,acc,0.25,9,,0.373,0.3892857142857143
loso,speaker4,imu,acc,0.25,9,,0.344,0.34330357142857143
within,eccentricity,eeg_gaze,acc,0.5,1,0.0,0.5235294117647059,0.6
within,eccentricity,eeg_gaze,acc,0.5,1,1.0,0.4764705882352941,0.5142857142857142
within,eccentricity,eeg_gaze,acc,0.5,1,2.0,0.5176470588235295,0.52
within,eccentricity,eeg_gaze,acc,0.5,1,3.0,0.525,0.5285714285714286
within,eccentricity,eeg_gaze,acc,0.5,1,4.0,0.44375,0.5117647058823529
within,eccentricity,eeg_gaze,acc,0.5,2,0.0,0.5,0.5666666666666667
within,eccentricity,eeg_gaze,acc,0.5,2,1.0,0.43529411764705883,0.5285714285714286
within,eccentricity,eeg_gaze,acc,0.5,2,2.0,0.5117647058823529,0.52
within,eccentricity,eeg_gaze,acc,0.5,2,3.0,0.525,0.5071428571428571
within,eccentricity,eeg_gaze,acc,0.5,2,4.0,0.44375,0.5176470588235295
within,eccentricity,eeg_gaze,acc,0.5,3,0.0,0.5176470588235295,0.43333333333333335
within,eccentricity,eeg_gaze,acc,0.5,3,1.0,0.4764705882352941,0.5857142857142857
within,eccentricity,eeg_gaze,acc,0.5,3,2.0,0.5,0.49
within,eccentricity,eeg_gaze,acc,0.5,3,3.0,0.53125,0.4857142857142857
within,eccentricity,eeg_gaze,acc,0.5,3,4.0,0.425,0.5411764705882353
within,eccentricity,eeg_gaze,acc,0.5,4,0.0,0.5235294117647059,0.6
within,eccentricity,eeg_gaze,acc,0.5,4,1.0,0.4588235294117647,0.5428571428571428
within,eccentricity,eeg_gaze,acc,0.5,4,2.0,0.4764705882352941,0.5
within,eccentricity,eeg_gaze,acc,0.5,4,3.0,0.49375,0.5214285714285715
within,eccentricity,eeg_gaze,acc,0.5,4,4.0,0.44375,0.5294117647058824
within,eccentricity,eeg_gaze,acc,0.5,5,0.0,0.5411764705882353,0.6
within,eccentricity,eeg_gaze,acc,0.5,5,1.0,0.4764705882352941,0.5428571428571428
within,eccentricity,eeg_gaze,acc,0.5,5,2.0,0.4823529411764706,0.52
within,eccentricity,eeg_gaze,acc,0.5,5,3.0,0.5125,0.5285714285714286
within,eccentricity,eeg_gaze,acc,0.5,5,4.0,0.46875,0.5411764705882353
within,eccentricity,eeg_gaze,acc,0.5,6,0.0,0.5117647058823529,0.5666666666666667
within,eccentricity,eeg_gaze,acc,0.5,6,1.0,0.49411764705882355,0.5857142857142857
within,eccentricity,eeg_gaze,acc,0.5,6,2.0,0.5,0.5
within,eccentricity,eeg_gaze,acc,0.5,6,3.0,0.54375,0.5214285714285715
within,eccentricity,eeg_gaze,acc,0.5,6,4.0,0.4125,0.5882352941176471
within,eccentricity,eeg_gaze,acc,0.5,7,0.0,0.5352941176470588,0.5333333333333333
within,eccentricity,eeg_gaze,acc,0.5,7,1.0,0.49411764705882355,0.5142857142857142
within,eccentricity,eeg_gaze,acc,0.5,7,2.0,0.5235294117647059,0.56
within,eccentricity,eeg_gaze,acc,0.5,7,3.0,0.5125,0.5071428571428571
within,eccentricity,eeg_gaze,acc,0.5,7,4.0,0.44375,0.5235294117647059
within,eccentricity,eeg_gaze,acc,0.5,8,0.0,0.5,0.5333333333333333
within,eccentricity,eeg_gaze,acc,0.5,8,1.0,0.47058823529411764,0.5142857142857142
within,eccentricity,eeg_gaze,acc,0.5,8,2.0,0.5058823529411764,0.52
within,eccentricity,eeg_gaze,acc,0.5,8,3.0,0.53125,0.4857142857142857
within,eccentricity,eeg_gaze,acc,0.5,8,4.0,0.4625,0.5294117647058824
within,eccentricity,eeg_gaze,acc,0.5,9,0.0,0.5058823529411764,0.6
within,eccentricity,eeg_gaze,acc,0.5,9,1.0,0.48823529411764705,0.5285714285714286
within,eccentricity,eeg_gaze,acc,0.5,9,2.0,0.5,0.52
within,eccentricity,eeg_gaze,acc,0.5,9,3.0,0.4625,0.5857142857142857
within,eccentricity,eeg_gaze,acc,0.5,9,4.0,0.45,0.5588235294117647
within,eccentricity,eeg_gaze,acc,0.5,10,0.0,0.5411764705882353,0.6
within,eccentricity,eeg_gaze,acc,0.5,10,1.0,0.5352941176470588,0.6285714285714286
within,eccentricity,eeg_gaze,acc,0.5,10,2.0,0.49411764705882355,0.54
within,eccentricity,eeg_gaze,acc,0.5,10,3.0,0.4875,0.5071428571428571
within,eccentricity,eeg_gaze,acc,0.5,10,4.0,0.48125,0.5294117647058824
within,eccentricity,eeg_gaze,acc,0.5,11,0.0,0.5,0.5666666666666667
within,eccentricity,eeg_gaze,acc,0.5,11,1.0,0.4764705882352941,0.5428571428571428
within,eccentricity,eeg_gaze,acc,0.5,11,2.0,0.49411764705882355,0.48
within,eccentricity,eeg_gaze,acc,0.5,11,3.0,0.5125,0.42142857142857143
within,eccentricity,eeg_gaze,acc,0.5,11,4.0,0.43125,0.48823529411764705
within,eccentricity,eeg_gaze,acc,0.5,12,0.0,0.5058823529411764,0.5666666666666667
within,eccentricity,eeg_gaze,acc,0.5,12,1.0,0.45294117647058824,0.5
within,eccentricity,eeg_gaze,acc,0.5,12,2.0,0.47058823529411764,0.5
within,eccentricity,eeg_gaze,acc,0.5,12,3.0,0.5,0.5071428571428571
within,eccentricity,eeg_gaze,acc,0.5,12,4.0,0.475,0.5352941176470588
within,eccentricity,eeg_gaze,acc,0.5,13,0.0,0.5,0.6
within,eccentricity,eeg_gaze,acc,0.5,13,1.0,0.47058823529411764,0.5428571428571428
within,eccentricity,eeg_gaze,acc,0.5,13,2.0,0.4764705882352941,0.47
within,eccentricity,eeg_gaze,acc,0.5,13,3.0,0.51875,0.5
within,eccentricity,eeg_gaze,acc,0.5,13,4.0,0.45625,0.5117647058823529
within,eccentricity,eeg_gaze,acc,0.5,14,0.0,0.5117647058823529,0.6666666666666666
within,eccentricity,eeg_gaze,acc,0.5,14,1.0,0.4411764705882353,0.5428571428571428
within,eccentricity,eeg_gaze,acc,0.5,14,2.0,0.4647058823529412,0.5
within,eccentricity,eeg_gaze,acc,0.5,14,3.0,0.525,0.5357142857142857
within,eccentricity,eeg_gaze,acc,0.5,14,4.0,0.4875,0.5411764705882353
within,eccentricity,eeg_gaze,acc,0.5,15,0.0,0.5,0.5
within,eccentricity,eeg_gaze,acc,0.5,15,1.0,0.5176470588235295,0.5142857142857142
within,eccentricity,eeg_gaze,acc,0.5,15,2.0,0.49375,0.55
within,eccentricity,eeg_gaze,acc,0.5,15,3.0,0.49375,0.5538461538461539
within,eccentricity,eeg_gaze,acc,0.5,15,4.0,0.425,0.5058823529411764
within,eccentricity,eeg_gaze,acc,0.5,16,0.0,0.5058823529411764,0.6
within,eccentricity,eeg_gaze,acc,0.5,16,1.0,0.5058823529411764,0.5142857142857142
within,eccentricity,eeg_gaze,acc,0.5,16,2.0,0.5117647058823529,0.5
within,eccentricity,eeg_gaze,acc,0.5,16,3.0,0.5,0.5357142857142857
within,eccentricity,eeg_gaze,acc,0.5,16,4.0,0.44375,0.5117647058823529
within,eccentricity,eeg_imu,acc,0.5,1,0.0,0.5411764705882353,0.5
within,eccentricity,eeg_imu,acc,0.5,1,1.0,0.5,0.6285714285714286
within,eccentricity,eeg_imu,acc,0.5,1,2.0,0.5058823529411764,0.57
within,eccentricity,eeg_imu,acc,0.5,1,3.0,0.5125,0.5285714285714286
within,eccentricity,eeg_imu,acc,0.5,1,4.0,0.425,0.5882352941176471
within,eccentricity,eeg_imu,acc,0.5,2,0.0,0.5647058823529412,0.36666666666666664
within,eccentricity,eeg_imu,acc,0.5,2,1.0,0.5235294117647059,0.6857142857142857
within,eccentricity,eeg_imu,acc,0.5,2,2.0,0.5352941176470588,0.56
within,eccentricity,eeg_imu,acc,0.5,2,3.0,0.51875,0.4928571428571429
within,eccentricity,eeg_imu,acc,0.5,2,4.0,0.5125,0.5941176470588235
within,eccentricity,eeg_imu,acc,0.5,3,0.0,0.5176470588235295,0.5333333333333333
within,eccentricity,eeg_imu,acc,0.5,3,1.0,0.5411764705882353,0.7428571428571429
within,eccentricity,eeg_imu,acc,0.5,3,2.0,0.5058823529411764,0.58
within,eccentricity,eeg_imu,acc,0.5,3,3.0,0.525,0.5
within,eccentricity,eeg_imu,acc,0.5,3,4.0,0.425,0.5176470588235295
within,eccentricity,eeg_imu,acc,0.5,4,0.0,0.49411764705882355,0.3333333333333333
within,eccentricity,eeg_imu,acc,0.5,4,1.0,0.5352941176470588,0.6857142857142857
within,eccentricity,eeg_imu,acc,0.5,4,2.0,0.5176470588235295,0.56
within,eccentricity,eeg_imu,acc,0.5,4,3.0,0.55625,0.5357142857142857
within,eccentricity,eeg_imu,acc,0.5,4,4.0,0.4625,0.5764705882352941
within,eccentricity,eeg_imu,acc,0.5,5,0.0,0.5411764705882353,0.4666666666666667
within,eccentricity,eeg_imu,acc,0.5,5,1.0,0.5470588235294118,0.6428571428571429
within,eccentricity,eeg_imu,acc,0.5,5,2.0,0.48823529411764705,0.54
within,eccentricity,eeg_imu,acc,0.5,5,3.0,0.5375,0.5071428571428571
within,eccentricity,eeg_imu,acc,0.5,5,4.0,0.44375,0.5411764705882353
within,eccentricity,eeg_imu,acc,0.5,6,0.0,0.5294117647058824,0.36666666666666664
within,eccentricity,eeg_imu,acc,0.5,6,1.0,0.5117647058823529,0.6
within,eccentricity,eeg_imu,acc,0.5,6,2.0,0.5235294117647059,0.57
within,eccentricity,eeg_imu,acc,0.5,6,3.0,0.54375,0.4857142857142857
within,eccentricity,eeg_imu,acc,0.5,6,4.0,0.48125,0.5823529411764706
within,eccentricity,eeg_imu,acc,0.5,7,0.0,0.5,0.5333333333333333
within,eccentricity,eeg_imu,acc,0.5,7,1.0,0.5294117647058824,0.6428571428571429
within,eccentricity,eeg_imu,acc,0.5,7,2.0,0.4764705882352941,0.58
within,eccentricity,eeg_imu,acc,0.5,7,3.0,0.5375,0.5071428571428571
within,eccentricity,eeg_imu,acc,0.5,7,4.0,0.4625,0.5941176470588235
within,eccentricity,eeg_imu,acc,0.5,8,0.0,0.48823529411764705,0.4666666666666667
within,eccentricity,eeg_imu,acc,0.5,8,1.0,0.5,0.42857142857142855
within,eccentricity,eeg_imu,acc,0.5,8,2.0,0.49411764705882355,0.51
within,eccentricity,eeg_imu,acc,0.5,8,3.0,0.55,0.5071428571428571
within,eccentricity,eeg_imu,acc,0.5,8,4.0,0.5,0.5882352941176471
within,eccentricity,eeg_imu,acc,0.5,9,0.0,0.5235294117647059,0.43333333333333335
within,eccentricity,eeg_imu,acc,0.5,9,1.0,0.5352941176470588,0.6285714285714286
within,eccentricity,eeg_imu,acc,0.5,9,2.0,0.49411764705882355,0.56
within,eccentricity,eeg_imu,acc,0.5,9,3.0,0.4625,0.5857142857142857
within,eccentricity,eeg_imu,acc,0.5,9,4.0,0.48125,0.5823529411764706
within,eccentricity,eeg_imu,acc,0.5,10,0.0,0.5176470588235295,0.4666666666666667
within,eccentricity,eeg_imu,acc,0.5,10,1.0,0.5058823529411764,0.5857142857142857
within,eccentricity,eeg_imu,acc,0.5,10,2.0,0.4647058823529412,0.55
within,eccentricity,eeg_imu,acc,0.5,10,3.0,0.5625,0.4928571428571429
within,eccentricity,eeg_imu,acc,0.5,10,4.0,0.475,0.6058823529411764
within,eccentricity,eeg_imu,acc,0.5,11,0.0,0.5352941176470588,0.4666666666666667
within,eccentricity,eeg_imu,acc,0.5,11,1.0,0.5411764705882353,0.5857142857142857
within,eccentricity,eeg_imu,acc,0.5,11,2.0,0.4588235294117647,0.57
within,eccentricity,eeg_imu,acc,0.5,11,3.0,0.55625,0.4785714285714286
within,eccentricity,eeg_imu,acc,0.5,11,4.0,0.49375,0.5588235294117647
within,eccentricity,eeg_imu,acc,0.5,12,0.0,0.5117647058823529,0.36666666666666664
within,eccentricity,eeg_imu,acc,0.5,12,1.0,0.5176470588235295,0.5428571428571428
within,eccentricity,eeg_imu,acc,0.5,12,2.0,0.48823529411764705,0.58
within,eccentricity,eeg_imu,acc,0.5,12,3.0,0.55,0.4785714285714286
within,eccentricity,eeg_imu,acc,0.5,12,4.0,0.5,0.5117647058823529
within,eccentricity,eeg_imu,acc,0.5,13,0.0,0.5529411764705883,0.4666666666666667
within,eccentricity,eeg_imu,acc,0.5,13,1.0,0.5117647058823529,0.6285714285714286
within,eccentricity,eeg_imu,acc,0.5,13,2.0,0.4764705882352941,0.56
within,eccentricity,eeg_imu,acc,0.5,13,3.0,0.55,0.4785714285714286
within,eccentricity,eeg_imu,acc,0.5,13,4.0,0.48125,0.5823529411764706
within,eccentricity,eeg_imu,acc,0.5,14,0.0,0.5176470588235295,0.36666666666666664
within,eccentricity,eeg_imu,acc,0.5,14,1.0,0.5058823529411764,0.6285714285714286
within,eccentricity,eeg_imu,acc,0.5,14,2.0,0.47058823529411764,0.55
within,eccentricity,eeg_imu,acc,0.5,14,3.0,0.54375,0.4714285714285714
within,eccentricity,eeg_imu,acc,0.5,14,4.0,0.5125,0.5705882352941176
within,eccentricity,eeg_imu,acc,0.5,15,0.0,0.5470588235294118,0.5666666666666667
within,eccentricity,eeg_imu,acc,0.5,15,1.0,0.5176470588235295,0.6
within,eccentricity,eeg_imu,acc,0.5,15,2.0,0.4625,0.59
within,eccentricity,eeg_imu,acc,0.5,15,3.0,0.5375,0.47692307692307695
within,eccentricity,eeg_imu,acc,0.5,15,4.0,0.46875,0.5529411764705883
within,eccentricity,eeg_imu,acc,0.5,16,0.0,0.5235294117647059,0.4
within,eccentricity,eeg_imu,acc,0.5,16,1.0,0.5529411764705883,0.6714285714285714
within,eccentricity,eeg_imu,acc,0.5,16,2.0,0.48823529411764705,0.59
within,eccentricity,eeg_imu,acc,0.5,16,3.0,0.55,0.5
within,eccentricity,eeg_imu,acc,0.5,16,4.0,0.4125,0.5647058823529412
within,eccentricity,gaze_imu,acc,0.5,1,0.0,0.5,0.5
within,eccentricity,gaze_imu,acc,0.5,1,1.0,0.4823529411764706,0.5142857142857142
within,eccentricity,gaze_imu,acc,0.5,1,2.0,0.5117647058823529,0.45
within,eccentricity,gaze_imu,acc,0.5,1,3.0,0.53125,0.5357142857142857
within,eccentricity,gaze_imu,acc,0.5,1,4.0,0.4125,0.6058823529411764
within,eccentricity,gaze_imu,acc,0.5,2,0.0,0.5117647058823529,0.5333333333333333
within,eccentricity,gaze_imu,acc,0.5,2,1.0,0.5352941176470588,0.6571428571428571
within,eccentricity,gaze_imu,acc,0.5,2,2.0,0.5117647058823529,0.52
within,eccentricity,gaze_imu,acc,0.5,2,3.0,0.5125,0.5
within,eccentricity,gaze_imu,acc,0.5,2,4.0,0.48125,0.5882352941176471
within,eccentricity,gaze_imu,acc,0.5,3,0.0,0.48823529411764705,0.5333333333333333
within,eccentricity,gaze_imu,acc,0.5,3,1.0,0.5294117647058824,0.7285714285714285
within,eccentricity,gaze_imu,acc,0.5,3,2.0,0.5,0.58
within,eccentricity,gaze_imu,acc,0.5,3,3.0,0.5,0.5071428571428571
within,eccentricity,gaze_imu,acc,0.5,3,4.0,0.46875,0.5352941176470588
within,eccentricity,gaze_imu,acc,0.5,4,0.0,0.5176470588235295,0.6
within,eccentricity,gaze_imu,acc,0.5,4,1.0,0.5352941176470588,0.6714285714285714
within,eccentricity,gaze_imu,acc,0.5,4,2.0,0.49411764705882355,0.49
within,eccentricity,gaze_imu,acc,0.5,4,3.0,0.5,0.5142857142857142
within,eccentricity,gaze_imu,acc,0.5,4,4.0,0.45625,0.5823529411764706
within,eccentricity,gaze_imu,acc,0.5,5,0.0,0.5294117647058824,0.6
within,eccentricity,gaze_imu,acc,0.5,5,1.0,0.5529411764705883,0.6428571428571429
within,eccentricity,gaze_imu,acc,0.5,5,2.0,0.5117647058823529,0.54
within,eccentricity,gaze_imu,acc,0.5,5,3.0,0.51875,0.5357142857142857
within,eccentricity,gaze_imu,acc,0.5,5,4.0,0.41875,0.5882352941176471
within,eccentricity,gaze_imu,acc,0.5,6,0.0,0.4823529411764706,0.5666666666666667
within,eccentricity,gaze_imu,acc,0.5,6,1.0,0.5,0.5857142857142857
within,eccentricity,gaze_imu,acc,0.5,6,2.0,0.5117647058823529,0.58
within,eccentricity,gaze_imu,acc,0.5,6,3.0,0.54375,0.5214285714285715
within,eccentricity,gaze_imu,acc,0.5,6,4.0,0.41875,0.5882352941176471
within,eccentricity,gaze_imu,acc,0.5,7,0.0,0.4823529411764706,0.5
within,eccentricity,gaze_imu,acc,0.5,7,1.0,0.47058823529411764,0.6285714285714286
within,eccentricity,gaze_imu,acc,0.5,7,2.0,0.4823529411764706,0.51
within,eccentricity,gaze_imu,acc,0.5,7,3.0,0.5,0.4714285714285714
within,eccentricity,gaze_imu,acc,0.5,7,4.0,0.45625,0.6058823529411764
within,eccentricity,gaze_imu,acc,0.5,8,0.0,0.5,0.5333333333333333
within,eccentricity,gaze_imu,acc,0.5,8,1.0,0.47058823529411764,0.5285714285714286
within,eccentricity,gaze_imu,acc,0.5,8,2.0,0.49411764705882355,0.51
within,eccentricity,gaze_imu,acc,0.5,8,3.0,0.5,0.55
within,eccentricity,gaze_imu,acc,0.5,8,4.0,0.44375,0.5941176470588235
within,eccentricity,gaze_imu,acc,0.5,9,0.0,0.48823529411764705,0.5666666666666667
within,eccentricity,gaze_imu,acc,0.5,9,1.0,0.49411764705882355,0.5428571428571428
within,eccentricity,gaze_imu,acc,0.5,9,2.0,0.49411764705882355,0.53
within,eccentricity,gaze_imu,acc,0.5,9,3.0,0.5125,0.5571428571428572
within,eccentricity,gaze_imu,acc,0.5,9,4.0,0.49375,0.5764705882352941
within,eccentricity,gaze_imu,acc,0.5,10,0.0,0.5352941176470588,0.6
within,eccentricity,gaze_imu,acc,0.5,10,1.0,0.5,0.6142857142857143
within,eccentricity,gaze_imu,acc,0.5,10,2.0,0.48823529411764705,0.44
within,eccentricity,gaze_imu,acc,0.5,10,3.0,0.5625,0.4928571428571429
within,eccentricity,gaze_imu,acc,0.5,10,4.0,0.475,0.5294117647058824
within,eccentricity,gaze_imu,acc,0.5,11,0.0,0.5,0.5
within,eccentricity,gaze_imu,acc,0.5,11,1.0,0.5058823529411764,0.6
within,eccentricity,gaze_imu,acc,0.5,11,2.0,0.5117647058823529,0.52
within,eccentricity,gaze_imu,acc,0.5,11,3.0,0.49375,0.5071428571428571
within,eccentricity,gaze_imu,acc,0.5,11,4.0,0.4125,0.49411764705882355
within,eccentricity,gaze_imu,acc,0.5,12,0.0,0.5117647058823529,0.5666666666666667
within,eccentricity,gaze_imu,acc,0.5,12,1.0,0.5058823529411764,0.5857142857142857
within,eccentricity,gaze_imu,acc,0.5,12,2.0,0.5117647058823529,0.49
within,eccentricity,gaze_imu,acc,0.5,12,3.0,0.51875,0.5285714285714286
within,eccentricity,gaze_imu,acc,0.5,12,4.0,0.475,0.5352941176470588
within,eccentricity,gaze_imu,acc,0.5,13,0.0,0.5,0.6
within,eccentricity,gaze_imu,acc,0.5,13,1.0,0.5411764705882353,0.6285714285714286
within,eccentricity,gaze_imu,acc,0.5,13,2.0,0.48823529411764705,0.51
within,eccentricity,gaze_imu,acc,0.5,13,3.0,0.5125,0.5142857142857142
within,eccentricity,gaze_imu,acc,0.5,13,4.0,0.4125,0.6
within,eccentricity,gaze_imu,acc,0.5,14,0.0,0.5058823529411764,0.6333333333333333
within,eccentricity,gaze_imu,acc,0.5,14,1.0,0.5117647058823529,0.6142857142857143
within,eccentricity,gaze_imu,acc,0.5,14,2.0,0.5,0.45
within,eccentricity,gaze_imu,acc,0.5,14,3.0,0.53125,0.5214285714285715
within,eccentricity,gaze_imu,acc,0.5,14,4.0,0.50625,0.5294117647058824
within,eccentricity,gaze_imu,acc,0.5,15,0.0,0.49411764705882355,0.5
within,eccentricity,gaze_imu,acc,0.5,15,1.0,0.5529411764705883,0.5714285714285714
within,eccentricity,gaze_imu,acc,0.5,15,2.0,0.475,0.62
within,eccentricity,gaze_imu,acc,0.5,15,3.0,0.49375,0.5538461538461539
within,eccentricity,gaze_imu,acc,0.5,15,4.0,0.475,0.5294117647058824
within,eccentricity,gaze_imu,acc,0.5,16,0.0,0.49411764705882355,0.6
within,eccentricity,gaze_imu,acc,0.5,16,1.0,0.5529411764705883,0.5714285714285714
within,eccentricity,gaze_imu,acc,0.5,16,2.0,0.5176470588235295,0.52
within,eccentricity,gaze_imu,acc,0.5,16,3.0,0.525,0.5357142857142857
within,eccentricity,gaze_imu,acc,0.5,16,4.0,0.475,0.5117647058823529
within,eccentricity,eeg_gaze_imu,acc,0.5,1,0.0,0.5176470588235295,0.4666666666666667
within,eccentricity,eeg_gaze_imu,acc,0.5,1,1.0,0.49411764705882355,0.5428571428571428
within,eccentricity,eeg_gaze_imu,acc,0.5,1,2.0,0.4823529411764706,0.48
within,eccentricity,eeg_gaze_imu,acc,0.5,1,3.0,0.5375,0.5285714285714286
within,eccentricity,eeg_gaze_imu,acc,0.5,1,4.0,0.41875,0.6
within,eccentricity,eeg_gaze_imu,acc,0.5,2,0.0,0.5470588235294118,0.5333333333333333
within,eccentricity,eeg_gaze_imu,acc,0.5,2,1.0,0.5294117647058824,0.6571428571428571
within,eccentricity,eeg_gaze_imu,acc,0.5,2,2.0,0.5117647058823529,0.52
within,eccentricity,eeg_gaze_imu,acc,0.5,2,3.0,0.525,0.4928571428571429
within,eccentricity,eeg_gaze_imu,acc,0.5,2,4.0,0.4875,0.5882352941176471
within,eccentricity,eeg_gaze_imu,acc,0.5,3,0.0,0.5176470588235295,0.5333333333333333
within,eccentricity,eeg_gaze_imu,acc,0.5,3,1.0,0.5352941176470588,0.7285714285714285
within,eccentricity,eeg_gaze_imu,acc,0.5,3,2.0,0.5,0.58
within,eccentricity,eeg_gaze_imu,acc,0.5,3,3.0,0.5125,0.5071428571428571
within,eccentricity,eeg_gaze_imu,acc,0.5,3,4.0,0.45,0.5529411764705883
within,eccentricity,eeg_gaze_imu,acc,0.5,4,0.0,0.5235294117647059,0.6
within,eccentricity,eeg_gaze_imu,acc,0.5,4,1.0,0.5294117647058824,0.6714285714285714
within,eccentricity,eeg_gaze_imu,acc,0.5,4,2.0,0.5058823529411764,0.51
within,eccentricity,eeg_gaze_imu,acc,0.5,4,3.0,0.50625,0.5142857142857142
within,eccentricity,eeg_gaze_imu,acc,0.5,4,4.0,0.4625,0.5823529411764706
within,eccentricity,eeg_gaze_imu,acc,0.5,5,0.0,0.5411764705882353,0.6333333333333333
within,eccentricity,eeg_gaze_imu,acc,0.5,5,1.0,0.5235294117647059,0.6571428571428571
within,eccentricity,eeg_gaze_imu,acc,0.5,5,2.0,0.49411764705882355,0.56
within,eccentricity,eeg_gaze_imu,acc,0.5,5,3.0,0.50625,0.5285714285714286
within,eccentricity,eeg_gaze_imu,acc,0.5,5,4.0,0.45625,0.5411764705882353
within,eccentricity,eeg_gaze_imu,acc,0.5,6,0.0,0.5,0.6
within,eccentricity,eeg_gaze_imu,acc,0.5,6,1.0,0.49411764705882355,0.6571428571428571
within,eccentricity,eeg_gaze_imu,acc,0.5,6,2.0,0.5117647058823529,0.58
within,eccentricity,eeg_gaze_imu,acc,0.5,6,3.0,0.5375,0.5142857142857142
within,eccentricity,eeg_gaze_imu,acc,0.5,6,4.0,0.41875,0.5882352941176471
within,eccentricity,eeg_gaze_imu,acc,0.5,7,0.0,0.5352941176470588,0.43333333333333335
within,eccentricity,eeg_gaze_imu,acc,0.5,7,1.0,0.5,0.6428571428571429
within,eccentricity,eeg_gaze_imu,acc,0.5,7,2.0,0.4647058823529412,0.57
within,eccentricity,eeg_gaze_imu,acc,0.5,7,3.0,0.55,0.5071428571428571
within,eccentricity,eeg_gaze_imu,acc,0.5,7,4.0,0.45625,0.6058823529411764
within,eccentricity,eeg_gaze_imu,acc,0.5,8,0.0,0.49411764705882355,0.5
within,eccentricity,eeg_gaze_imu,acc,0.5,8,1.0,0.45294117647058824,0.5285714285714286
within,eccentricity,eeg_gaze_imu,acc,0.5,8,2.0,0.48823529411764705,0.51
within,eccentricity,eeg_gaze_imu,acc,0.5,8,3.0,0.50625,0.5428571428571428
within,eccentricity,eeg_gaze_imu,acc,0.5,8,4.0,0.4375,0.611764705882353
within,eccentricity,eeg_gaze_imu,acc,0.5,9,0.0,0.5117647058823529,0.6
within,eccentricity,eeg_gaze_imu,acc,0.5,9,1.0,0.5,0.6
within,eccentricity,eeg_gaze_imu,acc,0.5,9,2.0,0.49411764705882355,0.51
within,eccentricity,eeg_gaze_imu,acc,0.5,9,3.0,0.4625,0.5857142857142857
within,eccentricity,eeg_gaze_imu,acc,0.5,9,4.0,0.48125,0.5823529411764706
within,eccentricity,eeg_gaze_imu,acc,0.5,10,0.0,0.5235294117647059,0.6
within,eccentricity,eeg_gaze_imu,acc,0.5,10,1.0,0.5,0.6428571428571429
within,eccentricity,eeg_gaze_imu,acc,0.5,10,2.0,0.45294117647058824,0.55
within,eccentricity,eeg_gaze_imu,acc,0.5,10,3.0,0.55625,0.4928571428571429
within,eccentricity,eeg_gaze_imu,acc,0.5,10,4.0,0.48125,0.5235294117647059
within,eccentricity,eeg_gaze_imu,acc,0.5,11,0.0,0.5352941176470588,0.43333333333333335
within,eccentricity,eeg_gaze_imu,acc,0.5,11,1.0,0.5176470588235295,0.6142857142857143
within,eccentricity,eeg_gaze_imu,acc,0.5,11,2.0,0.5117647058823529,0.53
within,eccentricity,eeg_gaze_imu,acc,0.5,11,3.0,0.575,0.45714285714285713
within,eccentricity,eeg_gaze_imu,acc,0.5,11,4.0,0.425,0.5235294117647059
within,eccentricity,eeg_gaze_imu,acc,0.5,12,0.0,0.5117647058823529,0.6
within,eccentricity,eeg_gaze_imu,acc,0.5,12,1.0,0.5235294117647059,0.5428571428571428
within,eccentricity,eeg_gaze_imu,acc,0.5,12,2.0,0.5176470588235295,0.48
within,eccentricity,eeg_gaze_imu,acc,0.5,12,3.0,0.5125,0.5285714285714286
within,eccentricity,eeg_gaze_imu,acc,0.5,12,4.0,0.475,0.5352941176470588
within,eccentricity,eeg_gaze_imu,acc,0.5,13,0.0,0.5058823529411764,0.6
within,eccentricity,eeg_gaze_imu,acc,0.5,13,1.0,0.5294117647058824,0.6142857142857143
within,eccentricity,eeg_gaze_imu,acc,0.5,13,2.0,0.4647058823529412,0.52
within,eccentricity,eeg_gaze_imu,acc,0.5,13,3.0,0.5375,0.5142857142857142
within,eccentricity,eeg_gaze_imu,acc,0.5,13,4.0,0.4125,0.6
within,eccentricity,eeg_gaze_imu,acc,0.5,14,0.0,0.5058823529411764,0.6333333333333333
within,eccentricity,eeg_gaze_imu,acc,0.5,14,1.0,0.4823529411764706,0.6428571428571429
within,eccentricity,eeg_gaze_imu,acc,0.5,14,2.0,0.5058823529411764,0.46
within,eccentricity,eeg_gaze_imu,acc,0.5,14,3.0,0.525,0.5285714285714286
within,eccentricity,eeg_gaze_imu,acc,0.5,14,4.0,0.51875,0.5294117647058824
within,eccentricity,eeg_gaze_imu,acc,0.5,15,0.0,0.4823529411764706,0.4666666666666667
within,eccentricity,eeg_gaze_imu,acc,0.5,15,1.0,0.5117647058823529,0.5571428571428572
within,eccentricity,eeg_gaze_imu,acc,0.5,15,2.0,0.46875,0.62
within,eccentricity,eeg_gaze_imu,acc,0.5,15,3.0,0.49375,0.5538461538461539
within,eccentricity,eeg_gaze_imu,acc,0.5,15,4.0,0.4375,0.5352941176470588
within,eccentricity,eeg_gaze_imu,acc,0.5,16,0.0,0.48823529411764705,0.6
within,eccentricity,eeg_gaze_imu,acc,0.5,16,1.0,0.5529411764705883,0.6
within,eccentricity,eeg_gaze_imu,acc,0.5,16,2.0,0.5117647058823529,0.51
within,eccentricity,eeg_gaze_imu,acc,0.5,16,3.0,0.525,0.5357142857142857
within,eccentricity,eeg_gaze_imu,acc,0.5,16,4.0,0.4625,0.5176470588235295
within,hemisphere,eeg_gaze,acc,0.5,1,0.0,0.48823529411764705,0.6333333333333333
within,hemisphere,eeg_gaze,acc,0.5,1,1.0,0.5411764705882353,0.4857142857142857
within,hemisphere,eeg_gaze,acc,0.5,1,2.0,0.5176470588235295,0.52
within,hemisphere,eeg_gaze,acc,0.5,1,3.0,0.5,0.5071428571428571
within,hemisphere,eeg_gaze,acc,0.5,1,4.0,0.51875,0.5235294117647059
within,hemisphere,eeg_gaze,acc,0.5,2,0.0,0.5117647058823529,0.5333333333333333
within,hemisphere,eeg_gaze,acc,0.5,2,1.0,0.5176470588235295,0.5142857142857142
within,hemisphere,eeg_gaze,acc,0.5,2,2.0,0.5,0.54
within,hemisphere,eeg_gaze,acc,0.5,2,3.0,0.46875,0.5
within,hemisphere,eeg_gaze,acc,0.5,2,4.0,0.525,0.49411764705882355
within,hemisphere,eeg_gaze,acc,0.5,3,0.0,0.4823529411764706,0.5333333333333333
within,hemisphere,eeg_gaze,acc,0.5,3,1.0,0.5176470588235295,0.5
within,hemisphere,eeg_gaze,acc,0.5,3,2.0,0.5058823529411764,0.54
within,hemisphere,eeg_gaze,acc,0.5,3,3.0,0.475,0.4928571428571429
within,hemisphere,eeg_gaze,acc,0.5,3,4.0,0.5375,0.5176470588235295
within,hemisphere,eeg_gaze,acc,0.5,4,0.0,0.4764705882352941,0.5333333333333333
within,hemisphere,eeg_gaze,acc,0.5,4,1.0,0.5470588235294118,0.5285714285714286
within,hemisphere,eeg_gaze,acc,0.5,4,2.0,0.5176470588235295,0.53
within,hemisphere,eeg_gaze,acc,0.5,4,3.0,0.4625,0.5357142857142857
within,hemisphere,eeg_gaze,acc,0.5,4,4.0,0.53125,0.5117647058823529
within,hemisphere,eeg_gaze,acc,0.5,5,0.0,0.5294117647058824,0.6333333333333333
within,hemisphere,eeg_gaze,acc,0.5,5,1.0,0.5352941176470588,0.45714285714285713
within,hemisphere,eeg_gaze,acc,0.5,5,2.0,0.5294117647058824,0.57
within,hemisphere,eeg_gaze,acc,0.5,5,3.0,0.49375,0.5428571428571428
within,hemisphere,eeg_gaze,acc,0.5,5,4.0,0.49375,0.5176470588235295
within,hemisphere,eeg_gaze,acc,0.5,6,0.0,0.5176470588235295,0.5
within,hemisphere,eeg_gaze,acc,0.5,6,1.0,0.5647058823529412,0.4714285714285714
within,hemisphere,eeg_gaze,acc,0.5,6,2.0,0.4647058823529412,0.51
within,hemisphere,eeg_gaze,acc,0.5,6,3.0,0.45,0.5785714285714286
within,hemisphere,eeg_gaze,acc,0.5,6,4.0,0.51875,0.5235294117647059
within,hemisphere,eeg_gaze,acc,0.5,7,0.0,0.5294117647058824,0.5666666666666667
within,hemisphere,eeg_gaze,acc,0.5,7,1.0,0.5294117647058824,0.4857142857142857
within,hemisphere,eeg_gaze,acc,0.5,7,2.0,0.48823529411764705,0.5
within,hemisphere,eeg_gaze,acc,0.5,7,3.0,0.45625,0.5785714285714286
within,hemisphere,eeg_gaze,acc,0.5,7,4.0,0.525,0.5529411764705883
within,hemisphere,eeg_gaze,acc,0.5,8,0.0,0.5470588235294118,0.6333333333333333
within,hemisphere,eeg_gaze,acc,0.5,8,1.0,0.5117647058823529,0.45714285714285713
within,hemisphere,eeg_gaze,acc,0.5,8,2.0,0.5352941176470588,0.47
within,hemisphere,eeg_gaze,acc,0.5,8,3.0,0.46875,0.5142857142857142
within,hemisphere,eeg_gaze,acc,0.5,8,4.0,0.5,0.48823529411764705
within,hemisphere,eeg_gaze,acc,0.5,9,0.0,0.5176470588235295,0.5666666666666667
within,hemisphere,eeg_gaze,acc,0.5,9,1.0,0.5411764705882353,0.5142857142857142
within,hemisphere,eeg_gaze,acc,0.5,9,2.0,0.5117647058823529,0.48
within,hemisphere,eeg_gaze,acc,0.5,9,3.0,0.48125,0.5142857142857142
within,hemisphere,eeg_gaze,acc,0.5,9,4.0,0.5125,0.5294117647058824
within,hemisphere,eeg_gaze,acc,0.5,10,0.0,0.5117647058823529,0.5333333333333333
within,hemisphere,eeg_gaze,acc,0.5,10,1.0,0.5352941176470588,0.5285714285714286
within,hemisphere,eeg_gaze,acc,0.5,10,2.0,0.5,0.55
within,hemisphere,eeg_gaze,acc,0.5,10,3.0,0.4875,0.5714285714285714
within,hemisphere,eeg_gaze,acc,0.5,10,4.0,0.49375,0.5
within,hemisphere,eeg_gaze,acc,0.5,11,0.0,0.4823529411764706,0.5666666666666667
within,hemisphere,eeg_gaze,acc,0.5,11,1.0,0.5470588235294118,0.5142857142857142
within,hemisphere,eeg_gaze,acc,0.5,11,2.0,0.5,0.55
within,hemisphere,eeg_gaze,acc,0.5,11,3.0,0.48125,0.5571428571428572
within,hemisphere,eeg_gaze,acc,0.5,11,4.0,0.53125,0.5117647058823529
within,hemisphere,eeg_gaze,acc,0.5,12,0.0,0.5,0.5333333333333333
within,hemisphere,eeg_gaze,acc,0.5,12,1.0,0.5352941176470588,0.5142857142857142
within,hemisphere,eeg_gaze,acc,0.5,12,2.0,0.48823529411764705,0.51
within,hemisphere,eeg_gaze,acc,0.5,12,3.0,0.4375,0.5071428571428571
within,hemisphere,eeg_gaze,acc,0.5,12,4.0,0.51875,0.5
within,hemisphere,eeg_gaze,acc,0.5,13,0.0,0.5235294117647059,0.6
within,hemisphere,eeg_gaze,acc,0.5,13,1.0,0.5411764705882353,0.5
within,hemisphere,eeg_gaze,acc,0.5,13,2.0,0.4764705882352941,0.55
within,hemisphere,eeg_gaze,acc,0.5,13,3.0,0.45625,0.5
within,hemisphere,eeg_gaze,acc,0.5,13,4.0,0.51875,0.48823529411764705
within,hemisphere,eeg_gaze,acc,0.5,14,0.0,0.5,0.5333333333333333
within,hemisphere,eeg_gaze,acc,0.5,14,1.0,0.5529411764705883,0.5285714285714286
within,hemisphere,eeg_gaze,acc,0.5,14,2.0,0.48823529411764705,0.51
within,hemisphere,eeg_gaze,acc,0.5,14,3.0,0.4875,0.5142857142857142
within,hemisphere,eeg_gaze,acc,0.5,14,4.0,0.5,0.5235294117647059
within,hemisphere,eeg_gaze,acc,0.5,15,0.0,0.5294117647058824,0.5666666666666667
within,hemisphere,eeg_gaze,acc,0.5,15,1.0,0.5352941176470588,0.5285714285714286
within,hemisphere,eeg_gaze,acc,0.5,15,2.0,0.5125,0.55
within,hemisphere,eeg_gaze,acc,0.5,15,3.0,0.54375,0.6076923076923076
within,hemisphere,eeg_gaze,acc,0.5,15,4.0,0.50625,0.5
within,hemisphere,eeg_gaze,acc,0.5,16,0.0,0.5,0.5333333333333333
within,hemisphere,eeg_gaze,acc,0.5,16,1.0,0.5235294117647059,0.4714285714285714
within,hemisphere,eeg_gaze,acc,0.5,16,2.0,0.49411764705882355,0.56
within,hemisphere,eeg_gaze,acc,0.5,16,3.0,0.45625,0.5
within,hemisphere,eeg_gaze,acc,0.5,16,4.0,0.50625,0.5235294117647059
within,hemisphere,eeg_imu,acc,0.5,1,0.0,0.5176470588235295,0.6333333333333333
within,hemisphere,eeg_imu,acc,0.5,1,1.0,0.4411764705882353,0.5428571428571428
within,hemisphere,eeg_imu,acc,0.5,1,2.0,0.5764705882352941,0.56
within,hemisphere,eeg_imu,acc,0.5,1,3.0,0.50625,0.5642857142857143
within,hemisphere,eeg_imu,acc,0.5,1,4.0,0.55,0.5294117647058824
within,hemisphere,eeg_imu,acc,0.5,2,0.0,0.48823529411764705,0.6
within,hemisphere,eeg_imu,acc,0.5,2,1.0,0.4647058823529412,0.5
within,hemisphere,eeg_imu,acc,0.5,2,2.0,0.5411764705882353,0.5
within,hemisphere,eeg_imu,acc,0.5,2,3.0,0.5,0.5571428571428572
within,hemisphere,eeg_imu,acc,0.5,2,4.0,0.45625,0.5058823529411764
within,hemisphere,eeg_imu,acc,0.5,3,0.0,0.5176470588235295,0.5666666666666667
within,hemisphere,eeg_imu,acc,0.5,3,1.0,0.45294117647058824,0.5142857142857142
within,hemisphere,eeg_imu,acc,0.5,3,2.0,0.5117647058823529,0.47
within,hemisphere,eeg_imu,acc,0.5,3,3.0,0.4875,0.5642857142857143
within,hemisphere,eeg_imu,acc,0.5,3,4.0,0.45625,0.5294117647058824
within,hemisphere,eeg_imu,acc,0.5,4,0.0,0.5,0.5333333333333333
within,hemisphere,eeg_imu,acc,0.5,4,1.0,0.4470588235294118,0.5142857142857142
within,hemisphere,eeg_imu,acc,0.5,4,2.0,0.5529411764705883,0.49
within,hemisphere,eeg_imu,acc,0.5,4,3.0,0.48125,0.55
within,hemisphere,eeg_imu,acc,0.5,4,4.0,0.5125,0.5470588235294118
within,hemisphere,eeg_imu,acc,0.5,5,0.0,0.48823529411764705,0.6
within,hemisphere,eeg_imu,acc,0.5,5,1.0,0.45294117647058824,0.5285714285714286
within,hemisphere,eeg_imu,acc,0.5,5,2.0,0.5176470588235295,0.5
within,hemisphere,eeg_imu,acc,0.5,5,3.0,0.5125,0.5928571428571429
within,hemisphere,eeg_imu,acc,0.5,5,4.0,0.54375,0.5294117647058824
within,hemisphere,eeg_imu,acc,0.5,6,0.0,0.4823529411764706,0.5333333333333333
within,hemisphere,eeg_imu,acc,0.5,6,1.0,0.4823529411764706,0.5142857142857142
within,hemisphere,eeg_imu,acc,0.5,6,2.0,0.5117647058823529,0.46
within,hemisphere,eeg_imu,acc,0.5,6,3.0,0.5125,0.5785714285714286
within,hemisphere,eeg_imu,acc,0.5,6,4.0,0.5375,0.5411764705882353
within,hemisphere,eeg_imu,acc,0.5,7,0.0,0.5,0.5666666666666667
within,hemisphere,eeg_imu,acc,0.5,7,1.0,0.4235294117647059,0.5142857142857142
within,hemisphere,eeg_imu,acc,0.5,7,2.0,0.5411764705882353,0.49
within,hemisphere,eeg_imu,acc,0.5,7,3.0,0.50625,0.6
within,hemisphere,eeg_imu,acc,0.5,7,4.0,0.54375,0.5529411764705883
within,hemisphere,eeg_imu,acc,0.5,8,0.0,0.49411764705882355,0.5666666666666667
within,hemisphere,eeg_imu,acc,0.5,8,1.0,0.4588235294117647,0.5428571428571428
within,hemisphere,eeg_imu,acc,0.5,8,2.0,0.5411764705882353,0.5
within,hemisphere,eeg_imu,acc,0.5,8,3.0,0.48125,0.5571428571428572
within,hemisphere,eeg_imu,acc,0.5,8,4.0,0.53125,0.5411764705882353
within,hemisphere,eeg_imu,acc,0.5,9,0.0,0.5058823529411764,0.5666666666666667
within,hemisphere,eeg_imu,acc,0.5,9,1.0,0.4764705882352941,0.4857142857142857
within,hemisphere,eeg_imu,acc,0.5,9,2.0,0.5647058823529412,0.49
within,hemisphere,eeg_imu,acc,0.5,9,3.0,0.5,0.5785714285714286
within,hemisphere,eeg_imu,acc,0.5,9,4.0,0.50625,0.5352941176470588
within,hemisphere,eeg_imu,acc,0.5,10,0.0,0.48823529411764705,0.6333333333333333
within,hemisphere,eeg_imu,acc,0.5,10,1.0,0.4411764705882353,0.5
within,hemisphere,eeg_imu,acc,0.5,10,2.0,0.5411764705882353,0.46
within,hemisphere,eeg_imu,acc,0.5,10,3.0,0.51875,0.5642857142857143
within,hemisphere,eeg_imu,acc,0.5,10,4.0,0.49375,0.5176470588235295
within,hemisphere,eeg_imu,acc,0.5,11,0.0,0.4823529411764706,0.6
within,hemisphere,eeg_imu,acc,0.5,11,1.0,0.4470588235294118,0.5285714285714286
within,hemisphere,eeg_imu,acc,0.5,11,2.0,0.5764705882352941,0.49
within,hemisphere,eeg_imu,acc,0.5,11,3.0,0.5,0.5785714285714286
within,hemisphere,eeg_imu,acc,0.5,11,4.0,0.575,0.5529411764705883
within,hemisphere,eeg_imu,acc,0.5,12,0.0,0.4823529411764706,0.6333333333333333
within,hemisphere,eeg_imu,acc,0.5,12,1.0,0.4470588235294118,0.5428571428571428
within,hemisphere,eeg_imu,acc,0.5,12,2.0,0.5352941176470588,0.52
within,hemisphere,eeg_imu,acc,0.5,12,3.0,0.49375,0.5571428571428572
within,hemisphere,eeg_imu,acc,0.5,12,4.0,0.43125,0.5235294117647059
within,hemisphere,eeg_imu,acc,0.5,13,0.0,0.49411764705882355,0.6333333333333333
within,hemisphere,eeg_imu,acc,0.5,13,1.0,0.4411764705882353,0.5285714285714286
within,hemisphere,eeg_imu,acc,0.5,13,2.0,0.5,0.46
within,hemisphere,eeg_imu,acc,0.5,13,3.0,0.5,0.5714285714285714
within,hemisphere,eeg_imu,acc,0.5,13,4.0,0.48125,0.5352941176470588
within,hemisphere,eeg_imu,acc,0.5,14,0.0,0.49411764705882355,0.5333333333333333
within,hemisphere,eeg_imu,acc,0.5,14,1.0,0.4411764705882353,0.5142857142857142
within,hemisphere,eeg_imu,acc,0.5,14,2.0,0.5294117647058824,0.48
within,hemisphere,eeg_imu,acc,0.5,14,3.0,0.53125,0.5571428571428572
within,hemisphere,eeg_imu,acc,0.5,14,4.0,0.55625,0.5294117647058824
within,hemisphere,eeg_imu,acc,0.5,15,0.0,0.5117647058823529,0.6
within,hemisphere,eeg_imu,acc,0.5,15,1.0,0.4411764705882353,0.5571428571428572
within,hemisphere,eeg_imu,acc,0.5,15,2.0,0.575,0.62
within,hemisphere,eeg_imu,acc,0.5,15,3.0,0.54375,0.6076923076923076
within,hemisphere,eeg_imu,acc,0.5,15,4.0,0.4875,0.5470588235294118
within,hemisphere,eeg_imu,acc,0.5,16,0.0,0.5,0.5333333333333333
within,hemisphere,eeg_imu,acc,0.5,16,1.0,0.4470588235294118,0.5
within,hemisphere,eeg_imu,acc,0.5,16,2.0,0.5529411764705883,0.47
within,hemisphere,eeg_imu,acc,0.5,16,3.0,0.5,0.5571428571428572
within,hemisphere,eeg_imu,acc,0.5,16,4.0,0.525,0.5352941176470588
within,hemisphere,gaze_imu,acc,0.5,1,0.0,0.48823529411764705,0.5666666666666667
within,hemisphere,gaze_imu,acc,0.5,1,1.0,0.5352941176470588,0.5142857142857142
within,hemisphere,gaze_imu,acc,0.5,1,2.0,0.5764705882352941,0.56
within,hemisphere,gaze_imu,acc,0.5,1,3.0,0.48125,0.5142857142857142
within,hemisphere,gaze_imu,acc,0.5,1,4.0,0.51875,0.5235294117647059
within,hemisphere,gaze_imu,acc,0.5,2,0.0,0.48823529411764705,0.6333333333333333
within,hemisphere,gaze_imu,acc,0.5,2,1.0,0.49411764705882355,0.4714285714285714
within,hemisphere,gaze_imu,acc,0.5,2,2.0,0.5411764705882353,0.5
within,hemisphere,gaze_imu,acc,0.5,2,3.0,0.5125,0.5571428571428572
within,hemisphere,gaze_imu,acc,0.5,2,4.0,0.51875,0.49411764705882355
within,hemisphere,gaze_imu,acc,0.5,3,0.0,0.5294117647058824,0.5333333333333333
within,hemisphere,gaze_imu,acc,0.5,3,1.0,0.5058823529411764,0.4857142857142857
within,hemisphere,gaze_imu,acc,0.5,3,2.0,0.5,0.54
within,hemisphere,gaze_imu,acc,0.5,3,3.0,0.48125,0.5571428571428572
within,hemisphere,gaze_imu,acc,0.5,3,4.0,0.5375,0.5176470588235295
within,hemisphere,gaze_imu,acc,0.5,4,0.0,0.5294117647058824,0.5666666666666667
within,hemisphere,gaze_imu,acc,0.5,4,1.0,0.5117647058823529,0.45714285714285713
within,hemisphere,gaze_imu,acc,0.5,4,2.0,0.5176470588235295,0.46
within,hemisphere,gaze_imu,acc,0.5,4,3.0,0.45,0.5357142857142857
within,hemisphere,gaze_imu,acc,0.5,4,4.0,0.51875,0.5117647058823529
within,hemisphere,gaze_imu,acc,0.5,5,0.0,0.5058823529411764,0.5333333333333333
within,hemisphere,gaze_imu,acc,0.5,5,1.0,0.4764705882352941,0.4714285714285714
within,hemisphere,gaze_imu,acc,0.5,5,2.0,0.5411764705882353,0.43
within,hemisphere,gaze_imu,acc,0.5,5,3.0,0.50625,0.6
within,hemisphere,gaze_imu,acc,0.5,5,4.0,0.5125,0.5235294117647059
within,hemisphere,gaze_imu,acc,0.5,6,0.0,0.5,0.5333333333333333
within,hemisphere,gaze_imu,acc,0.5,6,1.0,0.4764705882352941,0.44285714285714284
within,hemisphere,gaze_imu,acc,0.5,6,2.0,0.4647058823529412,0.45
within,hemisphere,gaze_imu,acc,0.5,6,3.0,0.5125,0.5714285714285714
within,hemisphere,gaze_imu,acc,0.5,6,4.0,0.5125,0.5294117647058824
within,hemisphere,gaze_imu,acc,0.5,7,0.0,0.5058823529411764,0.5333333333333333
within,hemisphere,gaze_imu,acc,0.5,7,1.0,0.5,0.44285714285714284
within,hemisphere,gaze_imu,acc,0.5,7,2.0,0.5294117647058824,0.46
within,hemisphere,gaze_imu,acc,0.5,7,3.0,0.50625,0.6
within,hemisphere,gaze_imu,acc,0.5,7,4.0,0.4875,0.4764705882352941
within,hemisphere,gaze_imu,acc,0.5,8,0.0,0.5352941176470588,0.5333333333333333
within,hemisphere,gaze_imu,acc,0.5,8,1.0,0.45294117647058824,0.5
within,hemisphere,gaze_imu,acc,0.5,8,2.0,0.5235294117647059,0.5
within,hemisphere,gaze_imu,acc,0.5,8,3.0,0.50625,0.5571428571428572
within,hemisphere,gaze_imu,acc,0.5,8,4.0,0.5375,0.5352941176470588
within,hemisphere,gaze_imu,acc,0.5,9,0.0,0.49411764705882355,0.5333333333333333
within,hemisphere,gaze_imu,acc,0.5,9,1.0,0.5176470588235295,0.42857142857142855
within,hemisphere,gaze_imu,acc,0.5,9,2.0,0.5176470588235295,0.48
within,hemisphere,gaze_imu,acc,0.5,9,3.0,0.5,0.5785714285714286
within,hemisphere,gaze_imu,acc,0.5,9,4.0,0.51875,0.5176470588235295
within,hemisphere,gaze_imu,acc,0.5,10,0.0,0.5,0.5666666666666667
within,hemisphere,gaze_imu,acc,0.5,10,1.0,0.49411764705882355,0.4857142857142857
within,hemisphere,gaze_imu,acc,0.5,10,2.0,0.49411764705882355,0.55
within,hemisphere,gaze_imu,acc,0.5,10,3.0,0.5,0.5714285714285714
within,hemisphere,gaze_imu,acc,0.5,10,4.0,0.5125,0.5
within,hemisphere,gaze_imu,acc,0.5,11,0.0,0.5176470588235295,0.5333333333333333
within,hemisphere,gaze_imu,acc,0.5,11,1.0,0.5176470588235295,0.4857142857142857
within,hemisphere,gaze_imu,acc,0.5,11,2.0,0.5529411764705883,0.48
within,hemisphere,gaze_imu,acc,0.5,11,3.0,0.48125,0.5571428571428572
within,hemisphere,gaze_imu,acc,0.5,11,4.0,0.575,0.5470588235294118
within,hemisphere,gaze_imu,acc,0.5,12,0.0,0.5411764705882353,0.6
within,hemisphere,gaze_imu,acc,0.5,12,1.0,0.5,0.4714285714285714
within,hemisphere,gaze_imu,acc,0.5,12,2.0,0.5352941176470588,0.52
within,hemisphere,gaze_imu,acc,0.5,12,3.0,0.48125,0.5571428571428572
within,hemisphere,gaze_imu,acc,0.5,12,4.0,0.51875,0.49411764705882355
within,hemisphere,gaze_imu,acc,0.5,13,0.0,0.5,0.5666666666666667
within,hemisphere,gaze_imu,acc,0.5,13,1.0,0.5235294117647059,0.4714285714285714
within,hemisphere,gaze_imu,acc,0.5,13,2.0,0.47058823529411764,0.55
within,hemisphere,gaze_imu,acc,0.5,13,3.0,0.475,0.5428571428571428
within,hemisphere,gaze_imu,acc,0.5,13,4.0,0.51875,0.48823529411764705
within,hemisphere,gaze_imu,acc,0.5,14,0.0,0.5058823529411764,0.4666666666666667
within,hemisphere,gaze_imu,acc,0.5,14,1.0,0.48823529411764705,0.45714285714285713
within,hemisphere,gaze_imu,acc,0.5,14,2.0,0.5058823529411764,0.47
within,hemisphere,gaze_imu,acc,0.5,14,3.0,0.50625,0.5142857142857142
within,hemisphere,gaze_imu,acc,0.5,14,4.0,0.49375,0.5235294117647059
within,hemisphere,gaze_imu,acc,0.5,15,0.0,0.5058823529411764,0.4666666666666667
within,hemisphere,gaze_imu,acc,0.5,15,1.0,0.5176470588235295,0.4714285714285714
within,hemisphere,gaze_imu,acc,0.5,15,2.0,0.575,0.62
within,hemisphere,gaze_imu,acc,0.5,15,3.0,0.48125,0.5307692307692308
within,hemisphere,gaze_imu,acc,0.5,15,4.0,0.4875,0.49411764705882355
within,hemisphere,gaze_imu,acc,0.5,16,0.0,0.49411764705882355,0.4666666666666667
within,hemisphere,gaze_imu,acc,0.5,16,1.0,0.5058823529411764,0.45714285714285713
within,hemisphere,gaze_imu,acc,0.5,16,2.0,0.5,0.47
within,hemisphere,gaze_imu,acc,0.5,16,3.0,0.50625,0.5571428571428572
within,hemisphere,gaze_imu,acc,0.5,16,4.0,0.51875,0.5294117647058824
within,hemisphere,eeg_gaze_imu,acc,0.5,1,0.0,0.49411764705882355,0.6
within,hemisphere,eeg_gaze_imu,acc,0.5,1,1.0,0.5176470588235295,0.4857142857142857
within,hemisphere,eeg_gaze_imu,acc,0.5,1,2.0,0.5764705882352941,0.56
within,hemisphere,eeg_gaze_imu,acc,0.5,1,3.0,0.5,0.5285714285714286
within,hemisphere,eeg_gaze_imu,acc,0.5,1,4.0,0.5125,0.5235294117647059
within,hemisphere,eeg_gaze_imu,acc,0.5,2,0.0,0.5117647058823529,0.6
within,hemisphere,eeg_gaze_imu,acc,0.5,2,1.0,0.4764705882352941,0.45714285714285713
within,hemisphere,eeg_gaze_imu,acc,0.5,2,2.0,0.5411764705882353,0.5
within,hemisphere,eeg_gaze_imu,acc,0.5,2,3.0,0.5,0.5571428571428572
within,hemisphere,eeg_gaze_imu,acc,0.5,2,4.0,0.5125,0.49411764705882355
within,hemisphere,eeg_gaze_imu,acc,0.5,3,0.0,0.5176470588235295,0.5333333333333333
within,hemisphere,eeg_gaze_imu,acc,0.5,3,1.0,0.4823529411764706,0.4857142857142857
within,hemisphere,eeg_gaze_imu,acc,0.5,3,2.0,0.5058823529411764,0.54
within,hemisphere,eeg_gaze_imu,acc,0.5,3,3.0,0.4875,0.5571428571428572
within,hemisphere,eeg_gaze_imu,acc,0.5,3,4.0,0.5375,0.5176470588235295
within,hemisphere,eeg_gaze_imu,acc,0.5,4,0.0,0.5176470588235295,0.5666666666666667
within,hemisphere,eeg_gaze_imu,acc,0.5,4,1.0,0.5117647058823529,0.45714285714285713
within,hemisphere,eeg_gaze_imu,acc,0.5,4,2.0,0.5235294117647059,0.46
within,hemisphere,eeg_gaze_imu,acc,0.5,4,3.0,0.45,0.5357142857142857
within,hemisphere,eeg_gaze_imu,acc,0.5,4,4.0,0.53125,0.5235294117647059
within,hemisphere,eeg_gaze_imu,acc,0.5,5,0.0,0.5235294117647059,0.6
within,hemisphere,eeg_gaze_imu,acc,0.5,5,1.0,0.48823529411764705,0.45714285714285713
within,hemisphere,eeg_gaze_imu,acc,0.5,5,2.0,0.5294117647058824,0.44
within,hemisphere,eeg_gaze_imu,acc,0.5,5,3.0,0.50625,0.5928571428571429
within,hemisphere,eeg_gaze_imu,acc,0.5,5,4.0,0.51875,0.5235294117647059
within,hemisphere,eeg_gaze_imu,acc,0.5,6,0.0,0.5117647058823529,0.5666666666666667
within,hemisphere,eeg_gaze_imu,acc,0.5,6,1.0,0.48823529411764705,0.45714285714285713
within,hemisphere,eeg_gaze_imu,acc,0.5,6,2.0,0.5117647058823529,0.46
within,hemisphere,eeg_gaze_imu,acc,0.5,6,3.0,0.51875,0.5785714285714286
within,hemisphere,eeg_gaze_imu,acc,0.5,6,4.0,0.5125,0.5294117647058824
within,hemisphere,eeg_gaze_imu,acc,0.5,7,0.0,0.5,0.6
within,hemisphere,eeg_gaze_imu,acc,0.5,7,1.0,0.5058823529411764,0.44285714285714284
within,hemisphere,eeg_gaze_imu,acc,0.5,7,2.0,0.5294117647058824,0.48
within,hemisphere,eeg_gaze_imu,acc,0.5,7,3.0,0.50625,0.6
within,hemisphere,eeg_gaze_imu,acc,0.5,7,4.0,0.525,0.5529411764705883
within,hemisphere,eeg_gaze_imu,acc,0.5,8,0.0,0.5117647058823529,0.7
within,hemisphere,eeg_gaze_imu,acc,0.5,8,1.0,0.4470588235294118,0.5285714285714286
within,hemisphere,eeg_gaze_imu,acc,0.5,8,2.0,0.5294117647058824,0.5
within,hemisphere,eeg_gaze_imu,acc,0.5,8,3.0,0.51875,0.5642857142857143
within,hemisphere,eeg_gaze_imu,acc,0.5,8,4.0,0.5375,0.5352941176470588
within,hemisphere,eeg_gaze_imu,acc,0.5,9,0.0,0.5176470588235295,0.6
within,hemisphere,eeg_gaze_imu,acc,0.5,9,1.0,0.5058823529411764,0.44285714285714284
within,hemisphere,eeg_gaze_imu,acc,0.5,9,2.0,0.5647058823529412,0.49
within,hemisphere,eeg_gaze_imu,acc,0.5,9,3.0,0.5,0.5785714285714286
within,hemisphere,eeg_gaze_imu,acc,0.5,9,4.0,0.51875,0.5176470588235295
within,hemisphere,eeg_gaze_imu,acc,0.5,10,0.0,0.5,0.5666666666666667
within,hemisphere,eeg_gaze_imu,acc,0.5,10,1.0,0.49411764705882355,0.45714285714285713
within,hemisphere,eeg_gaze_imu,acc,0.5,10,2.0,0.49411764705882355,0.55
within,hemisphere,eeg_gaze_imu,acc,0.5,10,3.0,0.5,0.55
within,hemisphere,eeg_gaze_imu,acc,0.5,10,4.0,0.4875,0.5058823529411764
within,hemisphere,eeg_gaze_imu,acc,0.5,11,0.0,0.5176470588235295,0.5666666666666667
within,hemisphere,eeg_gaze_imu,acc,0.5,11,1.0,0.5235294117647059,0.4857142857142857
within,hemisphere,eeg_gaze_imu,acc,0.5,11,2.0,0.5470588235294118,0.48
within,hemisphere,eeg_gaze_imu,acc,0.5,11,3.0,0.48125,0.5571428571428572
within,hemisphere,eeg_gaze_imu,acc,0.5,11,4.0,0.575,0.5470588235294118
within,hemisphere,eeg_gaze_imu,acc,0.5,12,0.0,0.5176470588235295,0.6666666666666666
within,hemisphere,eeg_gaze_imu,acc,0.5,12,1.0,0.48823529411764705,0.4857142857142857
within,hemisphere,eeg_gaze_imu,acc,0.5,12,2.0,0.5411764705882353,0.52
within,hemisphere,eeg_gaze_imu,acc,0.5,12,3.0,0.4625,0.5642857142857143
within,hemisphere,eeg_gaze_imu,acc,0.5,12,4.0,0.51875,0.49411764705882355
within,hemisphere,eeg_gaze_imu,acc,0.5,13,0.0,0.5117647058823529,0.6
within,hemisphere,eeg_gaze_imu,acc,0.5,13,1.0,0.5,0.4714285714285714
within,hemisphere,eeg_gaze_imu,acc,0.5,13,2.0,0.4764705882352941,0.55
within,hemisphere,eeg_gaze_imu,acc,0.5,13,3.0,0.475,0.5357142857142857
within,hemisphere,eeg_gaze_imu,acc,0.5,13,4.0,0.51875,0.5058823529411764
within,hemisphere,eeg_gaze_imu,acc,0.5,14,0.0,0.5058823529411764,0.5333333333333333
within,hemisphere,eeg_gaze_imu,acc,0.5,14,1.0,0.5176470588235295,0.45714285714285713
within,hemisphere,eeg_gaze_imu,acc,0.5,14,2.0,0.5058823529411764,0.48
within,hemisphere,eeg_gaze_imu,acc,0.5,14,3.0,0.50625,0.5071428571428571
within,hemisphere,eeg_gaze_imu,acc,0.5,14,4.0,0.49375,0.5235294117647059
within,hemisphere,eeg_gaze_imu,acc,0.5,15,0.0,0.5235294117647059,0.5
within,hemisphere,eeg_gaze_imu,acc,0.5,15,1.0,0.48823529411764705,0.45714285714285713
within,hemisphere,eeg_gaze_imu,acc,0.5,15,2.0,0.575,0.62
within,hemisphere,eeg_gaze_imu,acc,0.5,15,3.0,0.54375,0.6076923076923076
within,hemisphere,eeg_gaze_imu,acc,0.5,15,4.0,0.5125,0.49411764705882355
within,hemisphere,eeg_gaze_imu,acc,0.5,16,0.0,0.48823529411764705,0.5
within,hemisphere,eeg_gaze_imu,acc,0.5,16,1.0,0.48823529411764705,0.4142857142857143
within,hemisphere,eeg_gaze_imu,acc,0.5,16,2.0,0.5058823529411764,0.47
within,hemisphere,eeg_gaze_imu,acc,0.5,16,3.0,0.5,0.55
within,hemisphere,eeg_gaze_imu,acc,0.5,16,4.0,0.53125,0.5294117647058824
within,speaker4,eeg_gaze,acc,0.25,1,0.0,0.2411764705882353,0.3333333333333333
within,speaker4,eeg_gaze,acc,0.25,1,1.0,0.24705882352941178,0.2857142857142857
within,speaker4,eeg_gaze,acc,0.25,1,2.0,0.3176470588235294,0.23
within,speaker4,eeg_gaze,acc,0.25,1,3.0,0.3,0.37142857142857144
within,speaker4,eeg_gaze,acc,0.25,1,4.0,0.275,0.35294117647058826
within,speaker4,eeg_gaze,acc,0.25,2,0.0,0.24705882352941178,0.4
within,speaker4,eeg_gaze,acc,0.25,2,1.0,0.2823529411764706,0.2714285714285714
within,speaker4,eeg_gaze,acc,0.25,2,2.0,0.27647058823529413,0.22
within,speaker4,eeg_gaze,acc,0.25,2,3.0,0.30625,0.37857142857142856
within,speaker4,eeg_gaze,acc,0.25,2,4.0,0.28125,0.3588235294117647
within,speaker4,eeg_gaze,acc,0.25,3,0.0,0.20588235294117646,0.43333333333333335
within,speaker4,eeg_gaze,acc,0.25,3,1.0,0.2823529411764706,0.2571428571428571
within,speaker4,eeg_gaze,acc,0.25,3,2.0,0.3058823529411765,0.18
within,speaker4,eeg_gaze,acc,0.25,3,3.0,0.325,0.37857142857142856
within,speaker4,eeg_gaze,acc,0.25,3,4.0,0.30625,0.34705882352941175
within,speaker4,eeg_gaze,acc,0.25,4,0.0,0.27058823529411763,0.3333333333333333
within,speaker4,eeg_gaze,acc,0.25,4,1.0,0.25882352941176473,0.2714285714285714
within,speaker4,eeg_gaze,acc,0.25,4,2.0,0.2647058823529412,0.24
within,speaker4,eeg_gaze,acc,0.25,4,3.0,0.24375,0.3142857142857143
within,speaker4,eeg_gaze,acc,0.25,4,4.0,0.25625,0.28823529411764703
within,speaker4,eeg_gaze,acc,0.25,5,0.0,0.23529411764705882,0.4666666666666667
within,speaker4,eeg_gaze,acc,0.25,5,1.0,0.2647058823529412,0.2571428571428571
within,speaker4,eeg_gaze,acc,0.25,5,2.0,0.31176470588235294,0.26
within,speaker4,eeg_gaze,acc,0.25,5,3.0,0.2875,0.35
within,speaker4,eeg_gaze,acc,0.25,5,4.0,0.2625,0.34705882352941175
within,speaker4,eeg_gaze,acc,0.25,6,0.0,0.22941176470588234,0.4
within,speaker4,eeg_gaze,acc,0.25,6,1.0,0.25882352941176473,0.24285714285714285
within,speaker4,eeg_gaze,acc,0.25,6,2.0,0.31176470588235294,0.24
within,speaker4,eeg_gaze,acc,0.25,6,3.0,0.28125,0.34285714285714286
within,speaker4,eeg_gaze,acc,0.25,6,4.0,0.26875,0.3058823529411765
within,speaker4,eeg_gaze,acc,0.25,7,0.0,0.2529411764705882,0.3333333333333333
within,speaker4,eeg_gaze,acc,0.25,7,1.0,0.27647058823529413,0.2571428571428571
within,speaker4,eeg_gaze,acc,0.25,7,2.0,0.31176470588235294,0.2
within,speaker4,eeg_gaze,acc,0.25,7,3.0,0.3125,0.36428571428571427
within,speaker4,eeg_gaze,acc,0.25,7,4.0,0.28125,0.3588235294117647
within,speaker4,eeg_gaze,acc,0.25,8,0.0,0.24705882352941178,0.43333333333333335
within,speaker4,eeg_gaze,acc,0.25,8,1.0,0.2823529411764706,0.2571428571428571
within,speaker4,eeg_gaze,acc,0.25,8,2.0,0.2823529411764706,0.28
within,speaker4,eeg_gaze,acc,0.25,8,3.0,0.3,0.37142857142857144
within,speaker4,eeg_gaze,acc,0.25,8,4.0,0.28125,0.34705882352941175
within,speaker4,eeg_gaze,acc,0.25,9,0.0,0.23529411764705882,0.4666666666666667
within,speaker4,eeg_gaze,acc,0.25,9,1.0,0.2823529411764706,0.2571428571428571
within,speaker4,eeg_gaze,acc,0.25,9,2.0,0.36470588235294116,0.26
within,speaker4,eeg_gaze,acc,0.25,9,3.0,0.30625,0.37857142857142856
within,speaker4,eeg_gaze,acc,0.25,9,4.0,0.23125,0.27647058823529413
within,speaker4,eeg_gaze,acc,0.25,10,0.0,0.22941176470588234,0.4666666666666667
within,speaker4,eeg_gaze,acc,0.25,10,1.0,0.29411764705882354,0.2857142857142857
within,speaker4,eeg_gaze,acc,0.25,10,2.0,0.25882352941176473,0.26
within,speaker4,eeg_gaze,acc,0.25,10,3.0,0.29375,0.37857142857142856
within,speaker4,eeg_gaze,acc,0.25,10,4.0,0.29375,0.3588235294117647
within,speaker4,eeg_gaze,acc,0.25,11,0.0,0.21764705882352942,0.3333333333333333
within,speaker4,eeg_gaze,acc,0.25,11,1.0,0.28823529411764703,0.2857142857142857
within,speaker4,eeg_gaze,acc,0.25,11,2.0,0.2529411764705882,0.22
within,speaker4,eeg_gaze,acc,0.25,11,3.0,0.29375,0.35714285714285715
within,speaker4,eeg_gaze,acc,0.25,11,4.0,0.25625,0.28823529411764703
within,speaker4,eeg_gaze,acc,0.25,12,0.0,0.18823529411764706,0.43333333333333335
within,speaker4,eeg_gaze,acc,0.25,12,1.0,0.2823529411764706,0.21428571428571427
within,speaker4,eeg_gaze,acc,0.25,12,2.0,0.2411764705882353,0.25
within,speaker4,eeg_gaze,acc,0.25,12,3.0,0.325,0.38571428571428573
within,speaker4,eeg_gaze,acc,0.25,12,4.0,0.225,0.3058823529411765
within,speaker4,eeg_gaze,acc,0.25,13,0.0,0.25882352941176473,0.5
within,speaker4,eeg_gaze,acc,0.25,13,1.0,0.27647058823529413,0.2714285714285714
within,speaker4,eeg_gaze,acc,0.25,13,2.0,0.27647058823529413,0.27
within,speaker4,eeg_gaze,acc,0.25,13,3.0,0.325,0.40714285714285714
within,speaker4,eeg_gaze,acc,0.25,13,4.0,0.25625,0.3
within,speaker4,eeg_gaze,acc,0.25,14,0.0,0.2235294117647059,0.4666666666666667
within,speaker4,eeg_gaze,acc,0.25,14,1.0,0.25882352941176473,0.24285714285714285
within,speaker4,eeg_gaze,acc,0.25,14,2.0,0.25882352941176473,0.25
within,speaker4,eeg_gaze,acc,0.25,14,3.0,0.30625,0.37857142857142856
within,speaker4,eeg_gaze,acc,0.25,14,4.0,0.275,0.35294117647058826
within,speaker4,eeg_gaze,acc,0.25,15,0.0,0.22941176470588234,0.36666666666666664
within,speaker4,eeg_gaze,acc,0.25,15,1.0,0.27647058823529413,0.2571428571428571
within,speaker4,eeg_gaze,acc,0.25,15,2.0,0.28125,0.24
within,speaker4,eeg_gaze,acc,0.25,15,3.0,0.25,0.34615384615384615
within,speaker4,eeg_gaze,acc,0.25,15,4.0,0.3,0.32941176470588235
within,speaker4,eeg_gaze,acc,0.25,16,0.0,0.21176470588235294,0.5
within,speaker4,eeg_gaze,acc,0.25,16,1.0,0.27058823529411763,0.24285714285714285
within,speaker4,eeg_gaze,acc,0.25,16,2.0,0.27058823529411763,0.27
within,speaker4,eeg_gaze,acc,0.25,16,3.0,0.3125,0.38571428571428573
within,speaker4,eeg_gaze,acc,0.25,16,4.0,0.25625,0.3058823529411765
within,speaker4,eeg_imu,acc,0.25,1,0.0,0.24705882352941178,0.36666666666666664
within,speaker4,eeg_imu,acc,0.25,1,1.0,0.27058823529411763,0.3
within,speaker4,eeg_imu,acc,0.25,1,2.0,0.2823529411764706,0.22
within,speaker4,eeg_imu,acc,0.25,1,3.0,0.3,0.3357142857142857
within,speaker4,eeg_imu,acc,0.25,1,4.0,0.3125,0.34705882352941175
within,speaker4,eeg_imu,acc,0.25,2,0.0,0.23529411764705882,0.3333333333333333
within,speaker4,eeg_imu,acc,0.25,2,1.0,0.27647058823529413,0.3
within,speaker4,eeg_imu,acc,0.25,2,2.0,0.25882352941176473,0.22
within,speaker4,eeg_imu,acc,0.25,2,3.0,0.31875,0.37142857142857144
within,speaker4,eeg_imu,acc,0.25,2,4.0,0.30625,0.34705882352941175
within,speaker4,eeg_imu,acc,0.25,3,0.0,0.18823529411764706,0.3333333333333333
within,speaker4,eeg_imu,acc,0.25,3,1.0,0.27058823529411763,0.2857142857142857
within,speaker4,eeg_imu,acc,0.25,3,2.0,0.25882352941176473,0.18
within,speaker4,eeg_imu,acc,0.25,3,3.0,0.325,0.37857142857142856
within,speaker4,eeg_imu,acc,0.25,3,4.0,0.29375,0.37058823529411766
within,speaker4,eeg_imu,acc,0.25,4,0.0,0.25882352941176473,0.3333333333333333
within,speaker4,eeg_imu,acc,0.25,4,1.0,0.2823529411764706,0.3142857142857143
within,speaker4,eeg_imu,acc,0.25,4,2.0,0.25882352941176473,0.22
within,speaker4,eeg_imu,acc,0.25,4,3.0,0.275,0.35
within,speaker4,eeg_imu,acc,0.25,4,4.0,0.30625,0.36470588235294116
within,speaker4,eeg_imu,acc,0.25,5,0.0,0.2235294117647059,0.3333333333333333
within,speaker4,eeg_imu,acc,0.25,5,1.0,0.27058823529411763,0.3
within,speaker4,eeg_imu,acc,0.25,5,2.0,0.24705882352941178,0.23
within,speaker4,eeg_imu,acc,0.25,5,3.0,0.3,0.35714285714285715
within,speaker4,eeg_imu,acc,0.25,5,4.0,0.275,0.34705882352941175
within,speaker4,eeg_imu,acc,0.25,6,0.0,0.21764705882352942,0.3333333333333333
within,speaker4,eeg_imu,acc,0.25,6,1.0,0.2823529411764706,0.3142857142857143
within,speaker4,eeg_imu,acc,0.25,6,2.0,0.28823529411764703,0.2
within,speaker4,eeg_imu,acc,0.25,6,3.0,0.2625,0.32142857142857145
within,speaker4,eeg_imu,acc,0.25,6,4.0,0.28125,0.38235294117647056
within,speaker4,eeg_imu,acc,0.25,7,0.0,0.21764705882352942,0.3333333333333333
within,speaker4,eeg_imu,acc,0.25,7,1.0,0.27058823529411763,0.3
within,speaker4,eeg_imu,acc,0.25,7,2.0,0.2823529411764706,0.2
within,speaker4,eeg_imu,acc,0.25,7,3.0,0.26875,0.32142857142857145
within,speaker4,eeg_imu,acc,0.25,7,4.0,0.325,0.3588235294117647
within,speaker4,eeg_imu,acc,0.25,8,0.0,0.21764705882352942,0.3333333333333333
within,speaker4,eeg_imu,acc,0.25,8,1.0,0.2647058823529412,0.3
within,speaker4,eeg_imu,acc,0.25,8,2.0,0.25882352941176473,0.25
within,speaker4,eeg_imu,acc,0.25,8,3.0,0.3,0.37142857142857144
within,speaker4,eeg_imu,acc,0.25,8,4.0,0.3,0.3588235294117647
within,speaker4,eeg_imu,acc,0.25,9,0.0,0.21176470588235294,0.3333333333333333
within,speaker4,eeg_imu,acc,0.25,9,1.0,0.27647058823529413,0.3142857142857143
within,speaker4,eeg_imu,acc,0.25,9,2.0,0.3588235294117647,0.26
within,speaker4,eeg_imu,acc,0.25,9,3.0,0.31875,0.37142857142857144
within,speaker4,eeg_imu,acc,0.25,9,4.0,0.28125,0.34705882352941175
within,speaker4,eeg_imu,acc,0.25,10,0.0,0.21764705882352942,0.3333333333333333
within,speaker4,eeg_imu,acc,0.25,10,1.0,0.2529411764705882,0.3
within,speaker4,eeg_imu,acc,0.25,10,2.0,0.3352941176470588,0.29
within,speaker4,eeg_imu,acc,0.25,10,3.0,0.29375,0.37857142857142856
within,speaker4,eeg_imu,acc,0.25,10,4.0,0.29375,0.36470588235294116
within,speaker4,eeg_imu,acc,0.25,11,0.0,0.25882352941176473,0.36666666666666664
within,speaker4,eeg_imu,acc,0.25,11,1.0,0.2647058823529412,0.32857142857142857
within,speaker4,eeg_imu,acc,0.25,11,2.0,0.3058823529411765,0.25
within,speaker4,eeg_imu,acc,0.25,11,3.0,0.29375,0.35714285714285715
within,speaker4,eeg_imu,acc,0.25,11,4.0,0.29375,0.36470588235294116
within,speaker4,eeg_imu,acc,0.25,12,0.0,0.21176470588235294,0.3333333333333333
within,speaker4,eeg_imu,acc,0.25,12,1.0,0.25882352941176473,0.3
within,speaker4,eeg_imu,acc,0.25,12,2.0,0.2529411764705882,0.21
within,speaker4,eeg_imu,acc,0.25,12,3.0,0.325,0.38571428571428573
within,speaker4,eeg_imu,acc,0.25,12,4.0,0.29375,0.3352941176470588
within,speaker4,eeg_imu,acc,0.25,13,0.0,0.21176470588235294,0.3333333333333333
within,speaker4,eeg_imu,acc,0.25,13,1.0,0.25882352941176473,0.3
within,speaker4,eeg_imu,acc,0.25,13,2.0,0.27058823529411763,0.25
within,speaker4,eeg_imu,acc,0.25,13,3.0,0.325,0.40714285714285714
within,speaker4,eeg_imu,acc,0.25,13,4.0,0.26875,0.38235294117647056
within,speaker4,eeg_imu,acc,0.25,14,0.0,0.21176470588235294,0.3333333333333333
within,speaker4,eeg_imu,acc,0.25,14,1.0,0.2823529411764706,0.3
within,speaker4,eeg_imu,acc,0.25,14,2.0,0.27058823529411763,0.22
within,speaker4,eeg_imu,acc,0.25,14,3.0,0.325,0.37857142857142856
within,speaker4,eeg_imu,acc,0.25,14,4.0,0.2875,0.34705882352941175
within,speaker4,eeg_imu,acc,0.25,15,0.0,0.2235294117647059,0.3333333333333333
within,speaker4,eeg_imu,acc,0.25,15,1.0,0.2647058823529412,0.3142857142857143
within,speaker4,eeg_imu,acc,0.25,15,2.0,0.28125,0.2
within,speaker4,eeg_imu,acc,0.25,15,3.0,0.3,0.35384615384615387
within,speaker4,eeg_imu,acc,0.25,15,4.0,0.275,0.34705882352941175
within,speaker4,eeg_imu,acc,0.25,16,0.0,0.2235294117647059,0.3333333333333333
within,speaker4,eeg_imu,acc,0.25,16,1.0,0.2823529411764706,0.3
within,speaker4,eeg_imu,acc,0.25,16,2.0,0.2647058823529412,0.23
within,speaker4,eeg_imu,acc,0.25,16,3.0,0.30625,0.39285714285714285
within,speaker4,eeg_imu,acc,0.25,16,4.0,0.2875,0.3411764705882353
within,speaker4,gaze_imu,acc,0.25,1,0.0,0.28823529411764703,0.26666666666666666
within,speaker4,gaze_imu,acc,0.25,1,1.0,0.24705882352941178,0.2571428571428571
within,speaker4,gaze_imu,acc,0.25,1,2.0,0.24705882352941178,0.23
within,speaker4,gaze_imu,acc,0.25,1,3.0,0.29375,0.3357142857142857
within,speaker4,gaze_imu,acc,0.25,1,4.0,0.3125,0.34705882352941175
within,speaker4,gaze_imu,acc,0.25,2,0.0,0.28823529411764703,0.26666666666666666
within,speaker4,gaze_imu,acc,0.25,2,1.0,0.24705882352941178,0.2571428571428571
within,speaker4,gaze_imu,acc,0.25,2,2.0,0.27058823529411763,0.23
within,speaker4,gaze_imu,acc,0.25,2,3.0,0.3,0.34285714285714286
within,speaker4,gaze_imu,acc,0.25,2,4.0,0.28125,0.3588235294117647
within,speaker4,gaze_imu,acc,0.25,3,0.0,0.27647058823529413,0.3
within,speaker4,gaze_imu,acc,0.25,3,1.0,0.2529411764705882,0.2857142857142857
within,speaker4,gaze_imu,acc,0.25,3,2.0,0.27058823529411763,0.21
within,speaker4,gaze_imu,acc,0.25,3,3.0,0.2875,0.34285714285714286
within,speaker4,gaze_imu,acc,0.25,3,4.0,0.30625,0.3352941176470588
within,speaker4,gaze_imu,acc,0.25,4,0.0,0.3058823529411765,0.36666666666666664
within,speaker4,gaze_imu,acc,0.25,4,1.0,0.28823529411764703,0.2714285714285714
within,speaker4,gaze_imu,acc,0.25,4,2.0,0.23529411764705882,0.22
within,speaker4,gaze_imu,acc,0.25,4,3.0,0.25,0.3
within,speaker4,gaze_imu,acc,0.25,4,4.0,0.3125,0.36470588235294116
within,speaker4,gaze_imu,acc,0.25,5,0.0,0.27647058823529413,0.26666666666666666
within,speaker4,gaze_imu,acc,0.25,5,1.0,0.25882352941176473,0.2571428571428571
within,speaker4,gaze_imu,acc,0.25,5,2.0,0.25882352941176473,0.19
within,speaker4,gaze_imu,acc,0.25,5,3.0,0.30625,0.35
within,speaker4,gaze_imu,acc,0.25,5,4.0,0.2375,0.3
within,speaker4,gaze_imu,acc,0.25,6,0.0,0.3,0.26666666666666666
within,speaker4,gaze_imu,acc,0.25,6,1.0,0.2529411764705882,0.24285714285714285
within,speaker4,gaze_imu,acc,0.25,6,2.0,0.22941176470588234,0.21
within,speaker4,gaze_imu,acc,0.25,6,3.0,0.29375,0.35
within,speaker4,gaze_imu,acc,0.25,6,4.0,0.2625,0.3176470588235294
within,speaker4,gaze_imu,acc,0.25,7,0.0,0.3,0.23333333333333334
within,speaker4,gaze_imu,acc,0.25,7,1.0,0.25882352941176473,0.2571428571428571
within,speaker4,gaze_imu,acc,0.25,7,2.0,0.24705882352941178,0.22
within,speaker4,gaze_imu,acc,0.25,7,3.0,0.29375,0.35714285714285715
within,speaker4,gaze_imu,acc,0.25,7,4.0,0.275,0.34705882352941175
within,speaker4,gaze_imu,acc,0.25,8,0.0,0.28823529411764703,0.26666666666666666
within,speaker4,gaze_imu,acc,0.25,8,1.0,0.2411764705882353,0.2857142857142857
within,speaker4,gaze_imu,acc,0.25,8,2.0,0.27058823529411763,0.22
within,speaker4,gaze_imu,acc,0.25,8,3.0,0.31875,0.3357142857142857
within,speaker4,gaze_imu,acc,0.25,8,4.0,0.3,0.35294117647058826
within,speaker4,gaze_imu,acc,0.25,9,0.0,0.2823529411764706,0.3
within,speaker4,gaze_imu,acc,0.25,9,1.0,0.3,0.24285714285714285
within,speaker4,gaze_imu,acc,0.25,9,2.0,0.3411764705882353,0.27
within,speaker4,gaze_imu,acc,0.25,9,3.0,0.28125,0.34285714285714286
within,speaker4,gaze_imu,acc,0.25,9,4.0,0.2625,0.3588235294117647
within,speaker4,gaze_imu,acc,0.25,10,0.0,0.29411764705882354,0.3333333333333333
within,speaker4,gaze_imu,acc,0.25,10,1.0,0.2647058823529412,0.2857142857142857
within,speaker4,gaze_imu,acc,0.25,10,2.0,0.32941176470588235,0.29
within,speaker4,gaze_imu,acc,0.25,10,3.0,0.30625,0.32857142857142857
within,speaker4,gaze_imu,acc,0.25,10,4.0,0.2375,0.29411764705882354
within,speaker4,gaze_imu,acc,0.25,11,0.0,0.3058823529411765,0.3333333333333333
within,speaker4,gaze_imu,acc,0.25,11,1.0,0.27058823529411763,0.2857142857142857
within,speaker4,gaze_imu,acc,0.25,11,2.0,0.31176470588235294,0.25
within,speaker4,gaze_imu,acc,0.25,11,3.0,0.3125,0.34285714285714286
within,speaker4,gaze_imu,acc,0.25,11,4.0,0.24375,0.28823529411764703
within,speaker4,gaze_imu,acc,0.25,12,0.0,0.31176470588235294,0.36666666666666664
within,speaker4,gaze_imu,acc,0.25,12,1.0,0.22941176470588234,0.2857142857142857
within,speaker4,gaze_imu,acc,0.25,12,2.0,0.25882352941176473,0.22
within,speaker4,gaze_imu,acc,0.25,12,3.0,0.275,0.36428571428571427
within,speaker4,gaze_imu,acc,0.25,12,4.0,0.2875,0.3411764705882353
within,speaker4,gaze_imu,acc,0.25,13,0.0,0.27647058823529413,0.3333333333333333
within,speaker4,gaze_imu,acc,0.25,13,1.0,0.25882352941176473,0.2571428571428571
within,speaker4,gaze_imu,acc,0.25,13,2.0,0.25882352941176473,0.26
within,speaker4,gaze_imu,acc,0.25,13,3.0,0.31875,0.35
within,speaker4,gaze_imu,acc,0.25,13,4.0,0.2625,0.3
within,speaker4,gaze_imu,acc,0.25,14,0.0,0.2647058823529412,0.3
within,speaker4,gaze_imu,acc,0.25,14,1.0,0.25882352941176473,0.22857142857142856
within,speaker4,gaze_imu,acc,0.25,14,2.0,0.24705882352941178,0.22
within,speaker4,gaze_imu,acc,0.25,14,3.0,0.31875,0.35
within,speaker4,gaze_imu,acc,0.25,14,4.0,0.29375,0.35294117647058826
within,speaker4,gaze_imu,acc,0.25,15,0.0,0.27058823529411763,0.26666666666666666
within,speaker4,gaze_imu,acc,0.25,15,1.0,0.2823529411764706,0.21428571428571427
within,speaker4,gaze_imu,acc,0.25,15,2.0,0.26875,0.24
within,speaker4,gaze_imu,acc,0.25,15,3.0,0.3,0.35384615384615387
within,speaker4,gaze_imu,acc,0.25,15,4.0,0.275,0.34705882352941175
within,speaker4,gaze_imu,acc,0.25,16,0.0,0.29411764705882354,0.3
within,speaker4,gaze_imu,acc,0.25,16,1.0,0.25882352941176473,0.21428571428571427
within,speaker4,gaze_imu,acc,0.25,16,2.0,0.2823529411764706,0.21
within,speaker4,gaze_imu,acc,0.25,16,3.0,0.2125,0.3
within,speaker4,gaze_imu,acc,0.25,16,4.0,0.25625,0.3058823529411765
within,speaker4,eeg_gaze_imu,acc,0.25,1,0.0,0.2647058823529412,0.26666666666666666
within,speaker4,eeg_gaze_imu,acc,0.25,1,1.0,0.24705882352941178,0.2571428571428571
within,speaker4,eeg_gaze_imu,acc,0.25,1,2.0,0.28823529411764703,0.24
within,speaker4,eeg_gaze_imu,acc,0.25,1,3.0,0.3,0.35
within,speaker4,eeg_gaze_imu,acc,0.25,1,4.0,0.3125,0.34705882352941175
within,speaker4,eeg_gaze_imu,acc,0.25,2,0.0,0.27058823529411763,0.36666666666666664
within,speaker4,eeg_gaze_imu,acc,0.25,2,1.0,0.27647058823529413,0.24285714285714285
within,speaker4,eeg_gaze_imu,acc,0.25,2,2.0,0.27058823529411763,0.26
within,speaker4,eeg_gaze_imu,acc,0.25,2,3.0,0.31875,0.37142857142857144
within,speaker4,eeg_gaze_imu,acc,0.25,2,4.0,0.28125,0.3588235294117647
within,speaker4,eeg_gaze_imu,acc,0.25,3,0.0,0.22941176470588234,0.4
within,speaker4,eeg_gaze_imu,acc,0.25,3,1.0,0.25882352941176473,0.2714285714285714
within,speaker4,eeg_gaze_imu,acc,0.25,3,2.0,0.31176470588235294,0.21
within,speaker4,eeg_gaze_imu,acc,0.25,3,3.0,0.325,0.37857142857142856
within,speaker4,eeg_gaze_imu,acc,0.25,3,4.0,0.3,0.34705882352941175
within,speaker4,eeg_gaze_imu,acc,0.25,4,0.0,0.2823529411764706,0.36666666666666664
within,speaker4,eeg_gaze_imu,acc,0.25,4,1.0,0.25882352941176473,0.2714285714285714
within,speaker4,eeg_gaze_imu,acc,0.25,4,2.0,0.2647058823529412,0.23
within,speaker4,eeg_gaze_imu,acc,0.25,4,3.0,0.3125,0.3142857142857143
within,speaker4,eeg_gaze_imu,acc,0.25,4,4.0,0.30625,0.36470588235294116
within,speaker4,eeg_gaze_imu,acc,0.25,5,0.0,0.2235294117647059,0.36666666666666664
within,speaker4,eeg_gaze_imu,acc,0.25,5,1.0,0.2647058823529412,0.2714285714285714
within,speaker4,eeg_gaze_imu,acc,0.25,5,2.0,0.27058823529411763,0.2
within,speaker4,eeg_gaze_imu,acc,0.25,5,3.0,0.3,0.35
within,speaker4,eeg_gaze_imu,acc,0.25,5,4.0,0.275,0.34705882352941175
within,speaker4,eeg_gaze_imu,acc,0.25,6,0.0,0.24705882352941178,0.36666666666666664
within,speaker4,eeg_gaze_imu,acc,0.25,6,1.0,0.2529411764705882,0.24285714285714285
within,speaker4,eeg_gaze_imu,acc,0.25,6,2.0,0.3176470588235294,0.23
within,speaker4,eeg_gaze_imu,acc,0.25,6,3.0,0.25,0.32142857142857145
within,speaker4,eeg_gaze_imu,acc,0.25,6,4.0,0.2625,0.32941176470588235
within,speaker4,eeg_gaze_imu,acc,0.25,7,0.0,0.27058823529411763,0.3333333333333333
within,speaker4,eeg_gaze_imu,acc,0.25,7,1.0,0.27058823529411763,0.2571428571428571
within,speaker4,eeg_gaze_imu,acc,0.25,7,2.0,0.3,0.24
within,speaker4,eeg_gaze_imu,acc,0.25,7,3.0,0.26875,0.32857142857142857
within,speaker4,eeg_gaze_imu,acc,0.25,7,4.0,0.28125,0.3588235294117647
within,speaker4,eeg_gaze_imu,acc,0.25,8,0.0,0.22941176470588234,0.4
within,speaker4,eeg_gaze_imu,acc,0.25,8,1.0,0.2529411764705882,0.2571428571428571
within,speaker4,eeg_gaze_imu,acc,0.25,8,2.0,0.2823529411764706,0.25
within,speaker4,eeg_gaze_imu,acc,0.25,8,3.0,0.30625,0.37142857142857144
within,speaker4,eeg_gaze_imu,acc,0.25,8,4.0,0.3,0.3588235294117647
within,speaker4,eeg_gaze_imu,acc,0.25,9,0.0,0.25882352941176473,0.36666666666666664
within,speaker4,eeg_gaze_imu,acc,0.25,9,1.0,0.3,0.2571428571428571
within,speaker4,eeg_gaze_imu,acc,0.25,9,2.0,0.3588235294117647,0.26
within,speaker4,eeg_gaze_imu,acc,0.25,9,3.0,0.31875,0.37142857142857144
within,speaker4,eeg_gaze_imu,acc,0.25,9,4.0,0.2625,0.3588235294117647
within,speaker4,eeg_gaze_imu,acc,0.25,10,0.0,0.25882352941176473,0.4
within,speaker4,eeg_gaze_imu,acc,0.25,10,1.0,0.2823529411764706,0.3
within,speaker4,eeg_gaze_imu,acc,0.25,10,2.0,0.32941176470588235,0.29
within,speaker4,eeg_gaze_imu,acc,0.25,10,3.0,0.29375,0.37857142857142856
within,speaker4,eeg_gaze_imu,acc,0.25,10,4.0,0.29375,0.3588235294117647
within,speaker4,eeg_gaze_imu,acc,0.25,11,0.0,0.27058823529411763,0.36666666666666664
within,speaker4,eeg_gaze_imu,acc,0.25,11,1.0,0.27058823529411763,0.3
within,speaker4,eeg_gaze_imu,acc,0.25,11,2.0,0.3058823529411765,0.25
within,speaker4,eeg_gaze_imu,acc,0.25,11,3.0,0.29375,0.35714285714285715
within,speaker4,eeg_gaze_imu,acc,0.25,11,4.0,0.25,0.29411764705882354
within,speaker4,eeg_gaze_imu,acc,0.25,12,0.0,0.21764705882352942,0.36666666666666664
within,speaker4,eeg_gaze_imu,acc,0.25,12,1.0,0.2823529411764706,0.24285714285714285
within,speaker4,eeg_gaze_imu,acc,0.25,12,2.0,0.2647058823529412,0.22
within,speaker4,eeg_gaze_imu,acc,0.25,12,3.0,0.325,0.38571428571428573
within,speaker4,eeg_gaze_imu,acc,0.25,12,4.0,0.3,0.3411764705882353
within,speaker4,eeg_gaze_imu,acc,0.25,13,0.0,0.2529411764705882,0.4
within,speaker4,eeg_gaze_imu,acc,0.25,13,1.0,0.27058823529411763,0.2571428571428571
within,speaker4,eeg_gaze_imu,acc,0.25,13,2.0,0.24705882352941178,0.27
within,speaker4,eeg_gaze_imu,acc,0.25,13,3.0,0.325,0.40714285714285714
within,speaker4,eeg_gaze_imu,acc,0.25,13,4.0,0.25625,0.3
within,speaker4,eeg_gaze_imu,acc,0.25,14,0.0,0.2235294117647059,0.36666666666666664
within,speaker4,eeg_gaze_imu,acc,0.25,14,1.0,0.2647058823529412,0.24285714285714285
within,speaker4,eeg_gaze_imu,acc,0.25,14,2.0,0.29411764705882354,0.23
within,speaker4,eeg_gaze_imu,acc,0.25,14,3.0,0.31875,0.37857142857142856
within,speaker4,eeg_gaze_imu,acc,0.25,14,4.0,0.28125,0.35294117647058826
within,speaker4,eeg_gaze_imu,acc,0.25,15,0.0,0.2411764705882353,0.36666666666666664
within,speaker4,eeg_gaze_imu,acc,0.25,15,1.0,0.25882352941176473,0.24285714285714285
within,speaker4,eeg_gaze_imu,acc,0.25,15,2.0,0.2875,0.24
within,speaker4,eeg_gaze_imu,acc,0.25,15,3.0,0.29375,0.36153846153846153
within,speaker4,eeg_gaze_imu,acc,0.25,15,4.0,0.275,0.34705882352941175
within,speaker4,eeg_gaze_imu,acc,0.25,16,0.0,0.25882352941176473,0.36666666666666664
within,speaker4,eeg_gaze_imu,acc,0.25,16,1.0,0.27058823529411763,0.24285714285714285
within,speaker4,eeg_gaze_imu,acc,0.25,16,2.0,0.27647058823529413,0.23
within,speaker4,eeg_gaze_imu,acc,0.25,16,3.0,0.3125,0.39285714285714285
within,speaker4,eeg_gaze_imu,acc,0.25,16,4.0,0.25625,0.3058823529411765
within,eccentricity,eeg,acc,0.5,10,0.0,0.5176470588235295,0.4666666666666667
within,eccentricity,eeg,acc,0.5,10,1.0,0.4764705882352941,0.6142857142857143
within,eccentricity,eeg,acc,0.5,10,2.0,0.4588235294117647,0.57
within,eccentricity,eeg,acc,0.5,10,3.0,0.51875,0.4642857142857143
within,eccentricity,eeg,acc,0.5,10,4.0,0.45625,0.5411764705882353
within,eccentricity,gaze,acc,0.5,10,0.0,0.5352941176470588,0.6333333333333333
within,eccentricity,gaze,acc,0.5,10,1.0,0.5117647058823529,0.5428571428571428
within,eccentricity,gaze,acc,0.5,10,2.0,0.49411764705882355,0.52
within,eccentricity,gaze,acc,0.5,10,3.0,0.4625,0.5214285714285715
within,eccentricity,gaze,acc,0.5,10,4.0,0.48125,0.5352941176470588
within,eccentricity,imu,acc,0.5,10,0.0,0.5352941176470588,0.5333333333333333
within,eccentricity,imu,acc,0.5,10,1.0,0.5235294117647059,0.6142857142857143
within,eccentricity,imu,acc,0.5,10,2.0,0.5294117647058824,0.55
within,eccentricity,imu,acc,0.5,10,3.0,0.5625,0.4928571428571429
within,eccentricity,imu,acc,0.5,10,4.0,0.4875,0.6
within,hemisphere,eeg,acc,0.5,10,0.0,0.4823529411764706,0.5333333333333333
within,hemisphere,eeg,acc,0.5,10,1.0,0.47058823529411764,0.44285714285714284
within,hemisphere,eeg,acc,0.5,10,2.0,0.5117647058823529,0.44
within,hemisphere,eeg,acc,0.5,10,3.0,0.4875,0.5642857142857143
within,hemisphere,eeg,acc,0.5,10,4.0,0.45625,0.5470588235294118
within,hemisphere,gaze,acc,0.5,10,0.0,0.48823529411764705,0.4666666666666667
within,hemisphere,gaze,acc,0.5,10,1.0,0.5294117647058824,0.5285714285714286
within,hemisphere,gaze,acc,0.5,10,2.0,0.5,0.55
within,hemisphere,gaze,acc,0.5,10,3.0,0.45,0.4785714285714286
within,hemisphere,gaze,acc,0.5,10,4.0,0.525,0.5
within,hemisphere,imu,acc,0.5,10,0.0,0.49411764705882355,0.6
within,hemisphere,imu,acc,0.5,10,1.0,0.4470588235294118,0.5142857142857142
within,hemisphere,imu,acc,0.5,10,2.0,0.5352941176470588,0.46
within,hemisphere,imu,acc,0.5,10,3.0,0.4875,0.5714285714285714
within,hemisphere,imu,acc,0.5,10,4.0,0.5125,0.5235294117647059
within,reconstruction,eeg,pearson_r,0.0,10,0.0,-0.014594950713217258,0.054368723183870316
within,reconstruction,eeg,pearson_r,0.0,10,1.0,0.005617722403258085,-0.003978537395596504
within,reconstruction,eeg,pearson_r,0.0,10,2.0,0.02409115992486477,0.005216751713305712
within,reconstruction,eeg,pearson_r,0.0,10,3.0,0.049980394542217255,0.04012637585401535
within,reconstruction,eeg,pearson_r,0.0,10,4.0,0.0013350158696994185,0.0572163425385952
within,reconstruction,eeg_gaze,pearson_r,0.0,10,0.0,-0.013693966902792454,0.04628114402294159
within,reconstruction,eeg_gaze,pearson_r,0.0,10,1.0,0.005035418551415205,-0.00198370055295527
within,reconstruction,eeg_gaze,pearson_r,0.0,10,2.0,0.012306044809520245,-0.00461949035525322
within,reconstruction,eeg_gaze,pearson_r,0.0,10,3.0,0.051624733954668045,0.03768455237150192
within,reconstruction,eeg_gaze,pearson_r,0.0,10,4.0,0.0075760348699986935,0.0568639300763607
within,reconstruction,eeg_gaze_imu,pearson_r,0.0,10,0.0,-0.017665287479758263,0.04009547084569931
within,reconstruction,eeg_gaze_imu,pearson_r,0.0,10,1.0,0.0063321590423583984,-0.01266489364206791
within,reconstruction,eeg_gaze_imu,pearson_r,0.0,10,2.0,0.014008404687047005,-0.016749463975429535
within,reconstruction,eeg_gaze_imu,pearson_r,0.0,10,3.0,0.03824853524565697,0.04747506231069565
within,reconstruction,eeg_gaze_imu,pearson_r,0.0,10,4.0,0.00822279043495655,0.056776855140924454
within,reconstruction,eeg_imu,pearson_r,0.0,10,0.0,-0.009231033734977245,0.0446334034204483
within,reconstruction,eeg_imu,pearson_r,0.0,10,1.0,0.004107546992599964,0.007575151976197958
within,reconstruction,eeg_imu,pearson_r,0.0,10,2.0,0.01766902580857277,0.0004025938978884369
within,reconstruction,eeg_imu,pearson_r,0.0,10,3.0,0.018991101533174515,0.0441708117723465
within,reconstruction,eeg_imu,pearson_r,0.0,10,4.0,0.006247722543776035,0.04690292477607727
within,reconstruction,gaze,pearson_r,0.0,10,0.0,-0.00043087039375677705,-0.00920015573501587
within,reconstruction,gaze,pearson_r,0.0,10,1.0,-0.015924159437417984,0.01330624334514141
within,reconstruction,gaze,pearson_r,0.0,10,2.0,-0.027043409645557404,-0.030395055189728737
within,reconstruction,gaze,pearson_r,0.0,10,3.0,0.0020277202129364014,-0.012125492095947266
within,reconstruction,gaze,pearson_r,0.0,10,4.0,-0.024316126480698586,0.01431657001376152
within,reconstruction,gaze_imu,pearson_r,0.0,10,0.0,-0.007756510749459267,0.016492348164319992
within,reconstruction,gaze_imu,pearson_r,0.0,10,1.0,0.014059786684811115,0.016643309965729713
within,reconstruction,gaze_imu,pearson_r,0.0,10,2.0,-0.03369322419166565,-0.0027050809003412724
within,reconstruction,gaze_imu,pearson_r,0.0,10,3.0,0.01946112886071205,-0.016485117375850677
within,reconstruction,gaze_imu,pearson_r,0.0,10,4.0,0.0006655342876911163,0.05746927112340927
within,reconstruction,imu,pearson_r,0.0,10,0.0,-0.02658439613878727,0.07187490165233612
within,reconstruction,imu,pearson_r,0.0,10,1.0,-0.023254523053765297,-0.040752507746219635
within,reconstruction,imu,pearson_r,0.0,10,2.0,0.009374294430017471,0.01963810808956623
within,reconstruction,imu,pearson_r,0.0,10,3.0,-0.045605581253767014,0.01668637804687023
within,reconstruction,imu,pearson_r,0.0,10,4.0,0.009931969456374645,-0.02101852558553219
within,speaker4,eeg,acc,0.25,10,0.0,0.17647058823529413,0.3333333333333333
within,speaker4,eeg,acc,0.25,10,1.0,0.21176470588235294,0.2571428571428571
within,speaker4,eeg,acc,0.25,10,2.0,0.25882352941176473,0.19
within,speaker4,eeg,acc,0.25,10,3.0,0.29375,0.37857142857142856
within,speaker4,eeg,acc,0.25,10,4.0,0.29375,0.3588235294117647
within,speaker4,gaze,acc,0.25,10,0.0,0.25882352941176473,0.26666666666666666
within,speaker4,gaze,acc,0.25,10,1.0,0.28823529411764703,0.2857142857142857
within,speaker4,gaze,acc,0.25,10,2.0,0.25882352941176473,0.24
within,speaker4,gaze,acc,0.25,10,3.0,0.2125,0.2714285714285714
within,speaker4,gaze,acc,0.25,10,4.0,0.2375,0.29411764705882354
within,speaker4,imu,acc,0.25,10,0.0,0.27647058823529413,0.3333333333333333
within,speaker4,imu,acc,0.25,10,1.0,0.2823529411764706,0.3
within,speaker4,imu,acc,0.25,10,2.0,0.32941176470588235,0.29
within,speaker4,imu,acc,0.25,10,3.0,0.30625,0.34285714285714286
within,speaker4,imu,acc,0.25,10,4.0,0.2625,0.3235294117647059
within,eccentricity,eeg,acc,0.5,11,0.0,0.48823529411764705,0.4666666666666667
within,eccentricity,eeg,acc,0.5,11,1.0,0.5176470588235295,0.5857142857142857
within,eccentricity,eeg,acc,0.5,11,2.0,0.4588235294117647,0.54
within,eccentricity,eeg,acc,0.5,11,3.0,0.5125,0.42142857142857143
within,eccentricity,eeg,acc,0.5,11,4.0,0.5,0.5352941176470588
within,eccentricity,gaze,acc,0.5,11,0.0,0.5,0.6
within,eccentricity,gaze,acc,0.5,11,1.0,0.5,0.5142857142857142
within,eccentricity,gaze,acc,0.5,11,2.0,0.5,0.49
within,eccentricity,gaze,acc,0.5,11,3.0,0.49375,0.5
within,eccentricity,gaze,acc,0.5,11,4.0,0.44375,0.5058823529411764
within,eccentricity,imu,acc,0.5,11,0.0,0.5117647058823529,0.5
within,eccentricity,imu,acc,0.5,11,1.0,0.5529411764705883,0.6285714285714286
within,eccentricity,imu,acc,0.5,11,2.0,0.45294117647058824,0.57
within,eccentricity,imu,acc,0.5,11,3.0,0.53125,0.5142857142857142
within,eccentricity,imu,acc,0.5,11,4.0,0.53125,0.5588235294117647
within,hemisphere,eeg,acc,0.5,11,0.0,0.4823529411764706,0.43333333333333335
within,hemisphere,eeg,acc,0.5,11,1.0,0.49411764705882355,0.45714285714285713
within,hemisphere,eeg,acc,0.5,11,2.0,0.49411764705882355,0.48
within,hemisphere,eeg,acc,0.5,11,3.0,0.5,0.5571428571428572
within,hemisphere,eeg,acc,0.5,11,4.0,0.46875,0.5411764705882353
within,hemisphere,gaze,acc,0.5,11,0.0,0.5352941176470588,0.5
within,hemisphere,gaze,acc,0.5,11,1.0,0.5176470588235295,0.5285714285714286
within,hemisphere,gaze,acc,0.5,11,2.0,0.49411764705882355,0.55
within,hemisphere,gaze,acc,0.5,11,3.0,0.48125,0.55
within,hemisphere,gaze,acc,0.5,11,4.0,0.53125,0.5117647058823529
within,hemisphere,imu,acc,0.5,11,0.0,0.5235294117647059,0.6333333333333333
within,hemisphere,imu,acc,0.5,11,1.0,0.4470588235294118,0.5285714285714286
within,hemisphere,imu,acc,0.5,11,2.0,0.5705882352941176,0.49
within,hemisphere,imu,acc,0.5,11,3.0,0.50625,0.5857142857142857
within,hemisphere,imu,acc,0.5,11,4.0,0.575,0.5470588235294118
within,reconstruction,eeg,pearson_r,0.0,11,0.0,-9.609180415282026e-05,0.03310633823275566
within,reconstruction,eeg,pearson_r,0.0,11,1.0,-0.0028363438323140144,0.048874735832214355
within,reconstruction,eeg,pearson_r,0.0,11,2.0,-0.008951899595558643,0.006510296370834112
within,reconstruction,eeg,pearson_r,0.0,11,3.0,-0.019838793203234673,-0.00851217657327652
within,reconstruction,eeg,pearson_r,0.0,11,4.0,0.024069886654615402,-0.023878425359725952
within,reconstruction,eeg_gaze,pearson_r,0.0,11,0.0,-0.007246679626405239,0.028301550075411797
within,reconstruction,eeg_gaze,pearson_r,0.0,11,1.0,-0.0022346945479512215,0.033569082617759705
within,reconstruction,eeg_gaze,pearson_r,0.0,11,2.0,-0.011380426585674286,0.0006539137684740126
within,reconstruction,eeg_gaze,pearson_r,0.0,11,3.0,-0.03638225421309471,-0.0002614991972222924
within,reconstruction,eeg_gaze,pearson_r,0.0,11,4.0,0.029785772785544395,-0.025358200073242188
within,reconstruction,eeg_gaze_imu,pearson_r,0.0,11,0.0,0.0197237990796566,0.04737621918320656
within,reconstruction,eeg_gaze_imu,pearson_r,0.0,11,1.0,0.00488106906414032,0.03922398388385773
within,reconstruction,eeg_gaze_imu,pearson_r,0.0,11,2.0,0.0006358654936775565,0.008776587434113026
within,reconstruction,eeg_gaze_imu,pearson_r,0.0,11,3.0,-0.025776246562600136,0.011554457247257233
within,reconstruction,eeg_gaze_imu,pearson_r,0.0,11,4.0,-0.0036682586651295424,-0.017976639792323112
within,reconstruction,eeg_imu,pearson_r,0.0,11,0.0,0.02510019950568676,0.06956815719604492
within,reconstruction,eeg_imu,pearson_r,0.0,11,1.0,-0.0004406087682582438,0.036052070558071136
within,reconstruction,eeg_imu,pearson_r,0.0,11,2.0,-0.006831006612628698,0.016038628295063972
within,reconstruction,eeg_imu,pearson_r,0.0,11,3.0,-0.01754791848361492,-0.008656838908791542
within,reconstruction,eeg_imu,pearson_r,0.0,11,4.0,0.02122431993484497,-0.015719886869192123
within,reconstruction,gaze,pearson_r,0.0,11,0.0,-0.007806951645761728,-0.0316384881734848
within,reconstruction,gaze,pearson_r,0.0,11,1.0,-0.01564021036028862,0.01784864068031311
within,reconstruction,gaze,pearson_r,0.0,11,2.0,0.017855698242783546,-0.0016100624343380332
within,reconstruction,gaze,pearson_r,0.0,11,3.0,-0.01969214342534542,0.05763397365808487
within,reconstruction,gaze,pearson_r,0.0,11,4.0,-0.021514130756258965,-0.0035562266130000353
within,reconstruction,gaze_imu,pearson_r,0.0,11,0.0,0.004208022728562355,0.0306242648512125
within,reconstruction,gaze_imu,pearson_r,0.0,11,1.0,-0.012490389868617058,0.018171409144997597
within,reconstruction,gaze_imu,pearson_r,0.0,11,2.0,0.01818010024726391,0.008702429942786694
within,reconstruction,gaze_imu,pearson_r,0.0,11,3.0,-0.016293255612254143,0.03907912224531174
within,reconstruction,gaze_imu,pearson_r,0.0,11,4.0,-0.0178840272128582,-0.0012499346630647779
within,reconstruction,imu,pearson_r,0.0,11,0.0,-0.007361661642789841,0.09390036016702652
within,reconstruction,imu,pearson_r,0.0,11,1.0,0.008312811143696308,0.025910798460245132
within,reconstruction,imu,pearson_r,0.0,11,2.0,-0.001483719446696341,0.026768401265144348
within,reconstruction,imu,pearson_r,0.0,11,3.0,0.008249755017459393,0.008603446185588837
within,reconstruction,imu,pearson_r,0.0,11,4.0,0.006509055383503437,0.012054024264216423
within,speaker4,eeg,acc,0.25,11,0.0,0.19411764705882353,0.3333333333333333
within,speaker4,eeg,acc,0.25,11,1.0,0.23529411764705882,0.22857142857142856
within,speaker4,eeg,acc,0.25,11,2.0,0.31176470588235294,0.21
within,speaker4,eeg,acc,0.25,11,3.0,0.29375,0.35714285714285715
within,speaker4,eeg,acc,0.25,11,4.0,0.28125,0.35294117647058826
within,speaker4,gaze,acc,0.25,11,0.0,0.2529411764705882,0.26666666666666666
within,speaker4,gaze,acc,0.25,11,1.0,0.27058823529411763,0.2857142857142857
within,speaker4,gaze,acc,0.25,11,2.0,0.25882352941176473,0.23
within,speaker4,gaze,acc,0.25,11,3.0,0.2125,0.2571428571428571
within,speaker4,gaze,acc,0.25,11,4.0,0.25625,0.28823529411764703
within,speaker4,imu,acc,0.25,11,0.0,0.29411764705882354,0.3
within,speaker4,imu,acc,0.25,11,1.0,0.2647058823529412,0.3
within,speaker4,imu,acc,0.25,11,2.0,0.3058823529411765,0.25
within,speaker4,imu,acc,0.25,11,3.0,0.30625,0.32857142857142857
within,speaker4,imu,acc,0.25,11,4.0,0.29375,0.36470588235294116
within,eccentricity,eeg,acc,0.5,12,0.0,0.43529411764705883,0.43333333333333335
within,eccentricity,eeg,acc,0.5,12,1.0,0.4823529411764706,0.42857142857142855
within,eccentricity,eeg,acc,0.5,12,2.0,0.5058823529411764,0.58
within,eccentricity,eeg,acc,0.5,12,3.0,0.5,0.4785714285714286
within,eccentricity,eeg,acc,0.5,12,4.0,0.4625,0.5352941176470588
within,eccentricity,gaze,acc,0.5,12,0.0,0.5,0.5666666666666667
within,eccentricity,gaze,acc,0.5,12,1.0,0.4823529411764706,0.5428571428571428
within,eccentricity,gaze,acc,0.5,12,2.0,0.4823529411764706,0.5
within,eccentricity,gaze,acc,0.5,12,3.0,0.50625,0.5285714285714286
within,eccentricity,gaze,acc,0.5,12,4.0,0.475,0.5352941176470588
within,eccentricity,imu,acc,0.5,12,0.0,0.5176470588235295,0.4666666666666667
within,eccentricity,imu,acc,0.5,12,1.0,0.5411764705882353,0.5428571428571428
within,eccentricity,imu,acc,0.5,12,2.0,0.5058823529411764,0.54
within,eccentricity,imu,acc,0.5,12,3.0,0.51875,0.5142857142857142
within,eccentricity,imu,acc,0.5,12,4.0,0.5,0.5764705882352941
within,hemisphere,eeg,acc,0.5,12,0.0,0.48823529411764705,0.5
within,hemisphere,eeg,acc,0.5,12,1.0,0.4764705882352941,0.45714285714285713
within,hemisphere,eeg,acc,0.5,12,2.0,0.5117647058823529,0.44
within,hemisphere,eeg,acc,0.5,12,3.0,0.45,0.5142857142857142
within,hemisphere,eeg,acc,0.5,12,4.0,0.45,0.5411764705882353
within,hemisphere,gaze,acc,0.5,12,0.0,0.5058823529411764,0.5333333333333333
within,hemisphere,gaze,acc,0.5,12,1.0,0.5352941176470588,0.5142857142857142
within,hemisphere,gaze,acc,0.5,12,2.0,0.49411764705882355,0.53
within,hemisphere,gaze,acc,0.5,12,3.0,0.4375,0.5
within,hemisphere,gaze,acc,0.5,12,4.0,0.5125,0.5
within,hemisphere,imu,acc,0.5,12,0.0,0.5117647058823529,0.6666666666666666
within,hemisphere,imu,acc,0.5,12,1.0,0.4411764705882353,0.5571428571428572
within,hemisphere,imu,acc,0.5,12,2.0,0.5352941176470588,0.52
within,hemisphere,imu,acc,0.5,12,3.0,0.4875,0.5642857142857143
within,hemisphere,imu,acc,0.5,12,4.0,0.5,0.5294117647058824
within,reconstruction,eeg,pearson_r,0.0,12,0.0,-0.005154422949999571,0.043097060173749924
within,reconstruction,eeg,pearson_r,0.0,12,1.0,-0.0016686271410435438,0.0324770025908947
within,reconstruction,eeg,pearson_r,0.0,12,2.0,-0.0034931504633277655,-0.019638139754533768
within,reconstruction,eeg,pearson_r,0.0,12,3.0,-0.012401392683386803,0.018474536016583443
within,reconstruction,eeg,pearson_r,0.0,12,4.0,-0.0031936229206621647,-0.008027639240026474
within,reconstruction,eeg_gaze,pearson_r,0.0,12,0.0,-0.0028036790899932384,0.040816809982061386
within,reconstruction,eeg_gaze,pearson_r,0.0,12,1.0,-0.004992215894162655,0.036890909075737
within,reconstruction,eeg_gaze,pearson_r,0.0,12,2.0,-0.010729063302278519,-0.006197955459356308
within,reconstruction,eeg_gaze,pearson_r,0.0,12,3.0,-0.00910602044314146,0.016518279910087585
within,reconstruction,eeg_gaze,pearson_r,0.0,12,4.0,-0.0026531473267823458,-0.0060428353026509285
within,reconstruction,eeg_gaze_imu,pearson_r,0.0,12,0.0,0.004482347518205643,0.03765549138188362
within,reconstruction,eeg_gaze_imu,pearson_r,0.0,12,1.0,-0.007984019815921783,0.031117653474211693
within,reconstruction,eeg_gaze_imu,pearson_r,0.0,12,2.0,0.003358959686011076,-0.03817397728562355
within,reconstruction,eeg_gaze_imu,pearson_r,0.0,12,3.0,-0.004785915371030569,0.01858089491724968
within,reconstruction,eeg_gaze_imu,pearson_r,0.0,12,4.0,-0.00034954771399497986,-0.007957596331834793
within,reconstruction,eeg_imu,pearson_r,0.0,12,0.0,-0.002757222158834338,0.05289648845791817
within,reconstruction,eeg_imu,pearson_r,0.0,12,1.0,-0.009763799607753754,0.04291342943906784
within,reconstruction,eeg_imu,pearson_r,0.0,12,2.0,0.0031088367104530334,-0.02602563612163067
within,reconstruction,eeg_imu,pearson_r,0.0,12,3.0,-0.00018199272744823247,0.018916692584753036
within,reconstruction,eeg_imu,pearson_r,0.0,12,4.0,-0.005536852404475212,-0.006095261313021183
within,reconstruction,gaze,pearson_r,0.0,12,0.0,-0.0001624913711566478,-0.028703251853585243
within,reconstruction,gaze,pearson_r,0.0,12,1.0,0.0,0.0
within,reconstruction,gaze,pearson_r,0.0,12,2.0,0.0,0.0
within,reconstruction,gaze,pearson_r,0.0,12,3.0,0.0,0.0
within,reconstruction,gaze,pearson_r,0.0,12,4.0,0.0,0.0
within,reconstruction,gaze_imu,pearson_r,0.0,12,0.0,0.01755603216588497,-0.03295977786183357
within,reconstruction,gaze_imu,pearson_r,0.0,12,1.0,-0.00828811526298523,0.02663569338619709
within,reconstruction,gaze_imu,pearson_r,0.0,12,2.0,-0.01731111668050289,-0.006335262209177017
within,reconstruction,gaze_imu,pearson_r,0.0,12,3.0,-0.003398047760128975,-0.008965699933469296
within,reconstruction,gaze_imu,pearson_r,0.0,12,4.0,0.008691033348441124,0.02205241657793522
within,reconstruction,imu,pearson_r,0.0,12,0.0,0.02075544372200966,0.06695006787776947
within,reconstruction,imu,pearson_r,0.0,12,1.0,-0.01814037188887596,0.036141373217105865
within,reconstruction,imu,pearson_r,0.0,12,2.0,0.036572858691215515,-0.008726811036467552
within,reconstruction,imu,pearson_r,0.0,12,3.0,0.01659417152404785,0.037128206342458725
within,reconstruction,imu,pearson_r,0.0,12,4.0,-0.02971743419766426,0.025569172576069832
within,speaker4,eeg,acc,0.25,12,0.0,0.19411764705882353,0.43333333333333335
within,speaker4,eeg,acc,0.25,12,1.0,0.21764705882352942,0.2571428571428571
within,speaker4,eeg,acc,0.25,12,2.0,0.29411764705882354,0.19
within,speaker4,eeg,acc,0.25,12,3.0,0.325,0.38571428571428573
within,speaker4,eeg,acc,0.25,12,4.0,0.2625,0.35294117647058826
within,speaker4,gaze,acc,0.25,12,0.0,0.24705882352941178,0.26666666666666666
within,speaker4,gaze,acc,0.25,12,1.0,0.27058823529411763,0.2571428571428571
within,speaker4,gaze,acc,0.25,12,2.0,0.2411764705882353,0.25
within,speaker4,gaze,acc,0.25,12,3.0,0.26875,0.36428571428571427
within,speaker4,gaze,acc,0.25,12,4.0,0.2375,0.3176470588235294
within,speaker4,imu,acc,0.25,12,0.0,0.28823529411764703,0.36666666666666664
within,speaker4,imu,acc,0.25,12,1.0,0.2647058823529412,0.2857142857142857
within,speaker4,imu,acc,0.25,12,2.0,0.2529411764705882,0.23
within,speaker4,imu,acc,0.25,12,3.0,0.2875,0.3142857142857143
within,speaker4,imu,acc,0.25,12,4.0,0.28125,0.3352941176470588
within,eccentricity,eeg,acc,0.5,13,0.0,0.5117647058823529,0.5333333333333333
within,eccentricity,eeg,acc,0.5,13,1.0,0.5235294117647059,0.6
within,eccentricity,eeg,acc,0.5,13,2.0,0.49411764705882355,0.57
within,eccentricity,eeg,acc,0.5,13,3.0,0.575,0.4785714285714286
within,eccentricity,eeg,acc,0.5,13,4.0,0.5,0.5882352941176471
within,eccentricity,gaze,acc,0.5,13,0.0,0.49411764705882355,0.6
within,eccentricity,gaze,acc,0.5,13,1.0,0.5,0.5142857142857142
within,eccentricity,gaze,acc,0.5,13,2.0,0.5117647058823529,0.49
within,eccentricity,gaze,acc,0.5,13,3.0,0.49375,0.5214285714285715
within,eccentricity,gaze,acc,0.5,13,4.0,0.475,0.5117647058823529
within,eccentricity,imu,acc,0.5,13,0.0,0.5294117647058824,0.4666666666666667
within,eccentricity,imu,acc,0.5,13,1.0,0.5,0.6571428571428571
within,eccentricity,imu,acc,0.5,13,2.0,0.4823529411764706,0.54
within,eccentricity,imu,acc,0.5,13,3.0,0.525,0.5142857142857142
within,eccentricity,imu,acc,0.5,13,4.0,0.4875,0.5823529411764706
within,hemisphere,eeg,acc,0.5,13,0.0,0.45294117647058824,0.5666666666666667
within,hemisphere,eeg,acc,0.5,13,1.0,0.4647058823529412,0.45714285714285713
within,hemisphere,eeg,acc,0.5,13,2.0,0.5117647058823529,0.42
within,hemisphere,eeg,acc,0.5,13,3.0,0.50625,0.5285714285714286
within,hemisphere,eeg,acc,0.5,13,4.0,0.46875,0.5176470588235295
within,hemisphere,gaze,acc,0.5,13,0.0,0.5529411764705883,0.5333333333333333
within,hemisphere,gaze,acc,0.5,13,1.0,0.5529411764705883,0.5285714285714286
within,hemisphere,gaze,acc,0.5,13,2.0,0.4764705882352941,0.55
within,hemisphere,gaze,acc,0.5,13,3.0,0.475,0.4928571428571429
within,hemisphere,gaze,acc,0.5,13,4.0,0.51875,0.48823529411764705
within,hemisphere,imu,acc,0.5,13,0.0,0.4647058823529412,0.6
within,hemisphere,imu,acc,0.5,13,1.0,0.4294117647058823,0.5142857142857142
within,hemisphere,imu,acc,0.5,13,2.0,0.49411764705882355,0.47
within,hemisphere,imu,acc,0.5,13,3.0,0.50625,0.5642857142857143
within,hemisphere,imu,acc,0.5,13,4.0,0.5125,0.5176470588235295
within,reconstruction,eeg,pearson_r,0.0,13,0.0,0.0019448392558842897,0.038089632987976074
within,reconstruction,eeg,pearson_r,0.0,13,1.0,-0.008807283826172352,-0.008053869009017944
within,reconstruction,eeg,pearson_r,0.0,13,2.0,0.017866726964712143,0.01972409337759018
within,reconstruction,eeg,pearson_r,0.0,13,3.0,0.03911026567220688,0.01426339615136385
within,reconstruction,eeg,pearson_r,0.0,13,4.0,-0.010999226942658424,0.05020216107368469
within,reconstruction,eeg_gaze,pearson_r,0.0,13,0.0,-0.001844183192588389,0.033805184066295624
within,reconstruction,eeg_gaze,pearson_r,0.0,13,1.0,-0.007151203230023384,-0.011434241198003292
within,reconstruction,eeg_gaze,pearson_r,0.0,13,2.0,0.02886008284986019,0.023003436625003815
within,reconstruction,eeg_gaze,pearson_r,0.0,13,3.0,0.05033530667424202,0.03080124221742153
within,reconstruction,eeg_gaze,pearson_r,0.0,13,4.0,-0.013476669788360596,0.055409666150808334
within,reconstruction,eeg_gaze_imu,pearson_r,0.0,13,0.0,0.006604108959436417,0.04923262819647789
within,reconstruction,eeg_gaze_imu,pearson_r,0.0,13,1.0,-0.011775488033890724,-0.006334434263408184
within,reconstruction,eeg_gaze_imu,pearson_r,0.0,13,2.0,0.027462899684906006,0.0145858284085989
within,reconstruction,eeg_gaze_imu,pearson_r,0.0,13,3.0,0.04118733108043671,0.02303902991116047
within,reconstruction,eeg_gaze_imu,pearson_r,0.0,13,4.0,-0.011479014530777931,0.06390835344791412
within,reconstruction,eeg_imu,pearson_r,0.0,13,0.0,6.454552203649655e-05,0.03501023352146149
within,reconstruction,eeg_imu,pearson_r,0.0,13,1.0,-0.011006834916770458,-0.004558881279081106
within,reconstruction,eeg_imu,pearson_r,0.0,13,2.0,0.013230767101049423,0.017149386927485466
within,reconstruction,eeg_imu,pearson_r,0.0,13,3.0,0.02729704976081848,0.009892057627439499
within,reconstruction,eeg_imu,pearson_r,0.0,13,4.0,-0.007301938720047474,0.05886264517903328
within,reconstruction,gaze,pearson_r,0.0,13,0.0,0.037176307290792465,0.01814374513924122
within,reconstruction,gaze,pearson_r,0.0,13,1.0,-0.008301526308059692,-0.007727446500211954
within,reconstruction,gaze,pearson_r,0.0,13,2.0,0.04218050837516785,0.022136423736810684
within,reconstruction,gaze,pearson_r,0.0,13,3.0,0.0077200173400342464,0.040544576942920685
within,reconstruction,gaze,pearson_r,0.0,13,4.0,-0.005409265868365765,0.01503893081098795
within,reconstruction,gaze_imu,pearson_r,0.0,13,0.0,0.03413868695497513,0.032170120626688004
within,reconstruction,gaze_imu,pearson_r,0.0,13,1.0,0.0296231210231781,0.030330078676342964
within,reconstruction,gaze_imu,pearson_r,0.0,13,2.0,0.020488593727350235,0.029721718281507492
within,reconstruction,gaze_imu,pearson_r,0.0,13,3.0,0.02354680933058262,0.024601640179753304
within,reconstruction,gaze_imu,pearson_r,0.0,13,4.0,-0.008328183554112911,0.03890948370099068
within,reconstruction,imu,pearson_r,0.0,13,0.0,0.01248166523873806,-0.020897604525089264
within,reconstruction,imu,pearson_r,0.0,13,1.0,-0.0029334656428545713,0.048843588680028915
within,reconstruction,imu,pearson_r,0.0,13,2.0,0.002944518579170108,-0.010881755501031876
within,reconstruction,imu,pearson_r,0.0,13,3.0,-0.03716513514518738,0.016841009259223938
within,reconstruction,imu,pearson_r,0.0,13,4.0,-0.015815764665603638,0.02000179886817932
within,speaker4,eeg,acc,0.25,13,0.0,0.20588235294117646,0.36666666666666664
within,speaker4,eeg,acc,0.25,13,1.0,0.20588235294117646,0.22857142857142856
within,speaker4,eeg,acc,0.25,13,2.0,0.29411764705882354,0.23
within,speaker4,eeg,acc,0.25,13,3.0,0.325,0.40714285714285714
within,speaker4,eeg,acc,0.25,13,4.0,0.26875,0.37058823529411766
within,speaker4,gaze,acc,0.25,13,0.0,0.23529411764705882,0.3
within,speaker4,gaze,acc,0.25,13,1.0,0.2823529411764706,0.24285714285714285
within,speaker4,gaze,acc,0.25,13,2.0,0.2529411764705882,0.24
within,speaker4,gaze,acc,0.25,13,3.0,0.21875,0.2857142857142857
within,speaker4,gaze,acc,0.25,13,4.0,0.25625,0.3
within,speaker4,imu,acc,0.25,13,0.0,0.2647058823529412,0.36666666666666664
within,speaker4,imu,acc,0.25,13,1.0,0.24705882352941178,0.2857142857142857
within,speaker4,imu,acc,0.25,13,2.0,0.27647058823529413,0.24
within,speaker4,imu,acc,0.25,13,3.0,0.325,0.35
within,speaker4,imu,acc,0.25,13,4.0,0.28125,0.3411764705882353
within,eccentricity,eeg,acc,0.5,14,0.0,0.5294117647058824,0.5333333333333333
within,eccentricity,eeg,acc,0.5,14,1.0,0.49411764705882355,0.5857142857142857
within,eccentricity,eeg,acc,0.5,14,2.0,0.4823529411764706,0.55
within,eccentricity,eeg,acc,0.5,14,3.0,0.5375,0.42857142857142855
within,eccentricity,eeg,acc,0.5,14,4.0,0.54375,0.5529411764705883
within,eccentricity,gaze,acc,0.5,14,0.0,0.5176470588235295,0.6
within,eccentricity,gaze,acc,0.5,14,1.0,0.5,0.5285714285714286
within,eccentricity,gaze,acc,0.5,14,2.0,0.5,0.51
within,eccentricity,gaze,acc,0.5,14,3.0,0.53125,0.5285714285714286
within,eccentricity,gaze,acc,0.5,14,4.0,0.46875,0.49411764705882355
within,eccentricity,imu,acc,0.5,14,0.0,0.4823529411764706,0.43333333333333335
within,eccentricity,imu,acc,0.5,14,1.0,0.5058823529411764,0.6142857142857143
within,eccentricity,imu,acc,0.5,14,2.0,0.5411764705882353,0.51
within,eccentricity,imu,acc,0.5,14,3.0,0.5375,0.5428571428571428
within,eccentricity,imu,acc,0.5,14,4.0,0.5125,0.5705882352941176
within,hemisphere,eeg,acc,0.5,14,0.0,0.4411764705882353,0.5666666666666667
within,hemisphere,eeg,acc,0.5,14,1.0,0.4823529411764706,0.4857142857142857
within,hemisphere,eeg,acc,0.5,14,2.0,0.5058823529411764,0.46
within,hemisphere,eeg,acc,0.5,14,3.0,0.5,0.5357142857142857
within,hemisphere,eeg,acc,0.5,14,4.0,0.48125,0.5470588235294118
within,hemisphere,gaze,acc,0.5,14,0.0,0.5235294117647059,0.5
within,hemisphere,gaze,acc,0.5,14,1.0,0.5235294117647059,0.5142857142857142
within,hemisphere,gaze,acc,0.5,14,2.0,0.4823529411764706,0.52
within,hemisphere,gaze,acc,0.5,14,3.0,0.50625,0.5
within,hemisphere,gaze,acc,0.5,14,4.0,0.50625,0.5235294117647059
within,hemisphere,imu,acc,0.5,14,0.0,0.5235294117647059,0.6333333333333333
within,hemisphere,imu,acc,0.5,14,1.0,0.43529411764705883,0.5285714285714286
within,hemisphere,imu,acc,0.5,14,2.0,0.5058823529411764,0.48
within,hemisphere,imu,acc,0.5,14,3.0,0.54375,0.5571428571428572
within,hemisphere,imu,acc,0.5,14,4.0,0.55625,0.5294117647058824
within,reconstruction,eeg,pearson_r,0.0,14,0.0,0.007083502132445574,0.003800042439252138
within,reconstruction,eeg,pearson_r,0.0,14,1.0,0.036009471863508224,0.053492169827222824
within,reconstruction,eeg,pearson_r,0.0,14,2.0,0.004564307164400816,0.02141520567238331
within,reconstruction,eeg,pearson_r,0.0,14,3.0,0.01265996415168047,0.005289194639772177
within,reconstruction,eeg,pearson_r,0.0,14,4.0,-0.00954686850309372,0.015762651339173317
within,reconstruction,eeg_gaze,pearson_r,0.0,14,0.0,0.007713006343692541,-0.007950838655233383
within,reconstruction,eeg_gaze,pearson_r,0.0,14,1.0,0.03939566761255264,0.06138279661536217
within,reconstruction,eeg_gaze,pearson_r,0.0,14,2.0,0.008257200941443443,0.015025646425783634
within,reconstruction,eeg_gaze,pearson_r,0.0,14,3.0,0.014377008192241192,0.0070940908044576645
within,reconstruction,eeg_gaze,pearson_r,0.0,14,4.0,-0.009292582049965858,0.01666739024221897
within,reconstruction,eeg_gaze_imu,pearson_r,0.0,14,0.0,0.006840740330517292,-0.006558428518474102
within,reconstruction,eeg_gaze_imu,pearson_r,0.0,14,1.0,0.043666448444128036,0.04870711266994476
within,reconstruction,eeg_gaze_imu,pearson_r,0.0,14,2.0,0.017687197774648666,0.01818574219942093
within,reconstruction,eeg_gaze_imu,pearson_r,0.0,14,3.0,-0.010935838334262371,0.020175592973828316
within,reconstruction,eeg_gaze_imu,pearson_r,0.0,14,4.0,-0.008234302513301373,0.015021814033389091
within,reconstruction,eeg_imu,pearson_r,0.0,14,0.0,0.0075071463361382484,0.007363483309745789
within,reconstruction,eeg_imu,pearson_r,0.0,14,1.0,0.031964920461177826,0.040278155356645584
within,reconstruction,eeg_imu,pearson_r,0.0,14,2.0,0.017062414437532425,0.016361618414521217
within,reconstruction,eeg_imu,pearson_r,0.0,14,3.0,0.013608604669570923,0.006495734676718712
within,reconstruction,eeg_imu,pearson_r,0.0,14,4.0,-0.00485397269949317,0.016788141801953316
within,reconstruction,gaze,pearson_r,0.0,14,0.0,0.006474553607404232,-0.0625600665807724
within,reconstruction,gaze,pearson_r,0.0,14,1.0,0.01575135625898838,0.0010263283038511872
within,reconstruction,gaze,pearson_r,0.0,14,2.0,0.006146667990833521,0.008694731630384922
within,reconstruction,gaze,pearson_r,0.0,14,3.0,0.033478837460279465,0.02791961282491684
within,reconstruction,gaze,pearson_r,0.0,14,4.0,-0.003717361018061638,0.040047742426395416
within,reconstruction,gaze_imu,pearson_r,0.0,14,0.0,0.002952710259705782,-0.04109286889433861
within,reconstruction,gaze_imu,pearson_r,0.0,14,1.0,-0.001667799660935998,-0.01912536285817623
within,reconstruction,gaze_imu,pearson_r,0.0,14,2.0,-0.01634877733886242,0.022442910820245743
within,reconstruction,gaze_imu,pearson_r,0.0,14,3.0,0.018334582448005676,0.031987499445676804
within,reconstruction,gaze_imu,pearson_r,0.0,14,4.0,-0.021602695807814598,0.012849967926740646
within,reconstruction,imu,pearson_r,0.0,14,0.0,-0.007480043452233076,-0.009099078364670277
within,reconstruction,imu,pearson_r,0.0,14,1.0,-0.010621585883200169,0.026191843673586845
within,reconstruction,imu,pearson_r,0.0,14,2.0,0.017726203426718712,-0.022267892956733704
within,reconstruction,imu,pearson_r,0.0,14,3.0,-0.00999431312084198,0.016874374821782112
within,reconstruction,imu,pearson_r,0.0,14,4.0,-0.005698833614587784,-0.016382228583097458
within,speaker4,eeg,acc,0.25,14,0.0,0.19411764705882353,0.3333333333333333
within,speaker4,eeg,acc,0.25,14,1.0,0.21764705882352942,0.2571428571428571
within,speaker4,eeg,acc,0.25,14,2.0,0.27058823529411763,0.22
within,speaker4,eeg,acc,0.25,14,3.0,0.30625,0.37857142857142856
within,speaker4,eeg,acc,0.25,14,4.0,0.26875,0.35294117647058826
within,speaker4,gaze,acc,0.25,14,0.0,0.24705882352941178,0.26666666666666666
within,speaker4,gaze,acc,0.25,14,1.0,0.2529411764705882,0.2571428571428571
within,speaker4,gaze,acc,0.25,14,2.0,0.2647058823529412,0.25
within,speaker4,gaze,acc,0.25,14,3.0,0.21875,0.29285714285714287
within,speaker4,gaze,acc,0.25,14,4.0,0.2625,0.3
within,speaker4,imu,acc,0.25,14,0.0,0.27058823529411763,0.36666666666666664
within,speaker4,imu,acc,0.25,14,1.0,0.27647058823529413,0.2857142857142857
within,speaker4,imu,acc,0.25,14,2.0,0.2647058823529412,0.22
within,speaker4,imu,acc,0.25,14,3.0,0.31875,0.35
within,speaker4,imu,acc,0.25,14,4.0,0.3,0.35294117647058826
within,eccentricity,eeg,acc,0.5,15,0.0,0.5294117647058824,0.5333333333333333
within,eccentricity,eeg,acc,0.5,15,1.0,0.5294117647058824,0.5285714285714286
within,eccentricity,eeg,acc,0.5,15,2.0,0.50625,0.54
within,eccentricity,eeg,acc,0.5,15,3.0,0.50625,0.5
within,eccentricity,eeg,acc,0.5,15,4.0,0.425,0.5058823529411764
within,eccentricity,gaze,acc,0.5,15,0.0,0.49411764705882355,0.6
within,eccentricity,gaze,acc,0.5,15,1.0,0.5176470588235295,0.5
within,eccentricity,gaze,acc,0.5,15,2.0,0.5125,0.51
within,eccentricity,gaze,acc,0.5,15,3.0,0.49375,0.5538461538461539
within,eccentricity,gaze,acc,0.5,15,4.0,0.49375,0.5117647058823529
within,eccentricity,imu,acc,0.5,15,0.0,0.5117647058823529,0.5666666666666667
within,eccentricity,imu,acc,0.5,15,1.0,0.5294117647058824,0.6285714285714286
within,eccentricity,imu,acc,0.5,15,2.0,0.46875,0.59
within,eccentricity,imu,acc,0.5,15,3.0,0.51875,0.5230769230769231
within,eccentricity,imu,acc,0.5,15,4.0,0.4875,0.5764705882352941
within,hemisphere,eeg,acc,0.5,15,0.0,0.48823529411764705,0.5333333333333333
within,hemisphere,eeg,acc,0.5,15,1.0,0.4823529411764706,0.5142857142857142
within,hemisphere,eeg,acc,0.5,15,2.0,0.50625,0.48
within,hemisphere,eeg,acc,0.5,15,3.0,0.54375,0.6076923076923076
within,hemisphere,eeg,acc,0.5,15,4.0,0.475,0.5529411764705883
within,hemisphere,gaze,acc,0.5,15,0.0,0.5176470588235295,0.5
within,hemisphere,gaze,acc,0.5,15,1.0,0.5411764705882353,0.5285714285714286
within,hemisphere,gaze,acc,0.5,15,2.0,0.51875,0.56
within,hemisphere,gaze,acc,0.5,15,3.0,0.50625,0.5307692307692308
within,hemisphere,gaze,acc,0.5,15,4.0,0.5375,0.5058823529411764
within,hemisphere,imu,acc,0.5,15,0.0,0.5,0.6
within,hemisphere,imu,acc,0.5,15,1.0,0.4470588235294118,0.5571428571428572
within,hemisphere,imu,acc,0.5,15,2.0,0.575,0.62
within,hemisphere,imu,acc,0.5,15,3.0,0.50625,0.5615384615384615
within,hemisphere,imu,acc,0.5,15,4.0,0.50625,0.5176470588235295
within,reconstruction,eeg,pearson_r,0.0,15,0.0,-0.007486455608159304,0.046017155051231384
within,reconstruction,eeg,pearson_r,0.0,15,1.0,0.016073621809482574,0.02167779766023159
within,reconstruction,eeg,pearson_r,0.0,15,2.0,0.003147891955450177,0.03867574781179428
within,reconstruction,eeg,pearson_r,0.0,15,3.0,0.029586931690573692,0.0037772187497466803
within,reconstruction,eeg,pearson_r,0.0,15,4.0,0.00482697319239378,0.0320427305996418
within,reconstruction,eeg_gaze,pearson_r,0.0,15,0.0,-0.010416665114462376,0.03900875523686409
within,reconstruction,eeg_gaze,pearson_r,0.0,15,1.0,0.014272065833210945,0.017476137727499008
within,reconstruction,eeg_gaze,pearson_r,0.0,15,2.0,0.002086964203044772,0.038885269314050674
within,reconstruction,eeg_gaze,pearson_r,0.0,15,3.0,0.0017195477848872542,-0.017803292721509933
within,reconstruction,eeg_gaze,pearson_r,0.0,15,4.0,0.016563646495342255,0.02209826000034809
within,reconstruction,eeg_gaze_imu,pearson_r,0.0,15,0.0,-0.010157249867916107,0.05459139123558998
within,reconstruction,eeg_gaze_imu,pearson_r,0.0,15,1.0,0.016533419489860535,0.013460169546306133
within,reconstruction,eeg_gaze_imu,pearson_r,0.0,15,2.0,-0.004729799926280975,0.03750961273908615
within,reconstruction,eeg_gaze_imu,pearson_r,0.0,15,3.0,0.033402711153030396,0.015903107821941376
within,reconstruction,eeg_gaze_imu,pearson_r,0.0,15,4.0,0.03599144518375397,0.02317183092236519
within,reconstruction,eeg_imu,pearson_r,0.0,15,0.0,-0.012703175656497478,0.025864673778414726
within,reconstruction,eeg_imu,pearson_r,0.0,15,1.0,0.005464420188218355,0.019880840554833412
within,reconstruction,eeg_imu,pearson_r,0.0,15,2.0,0.0038573243655264378,0.029303599148988724
within,reconstruction,eeg_imu,pearson_r,0.0,15,3.0,0.02775748074054718,0.014036021195352077
within,reconstruction,eeg_imu,pearson_r,0.0,15,4.0,0.03338564932346344,0.02849118784070015
within,reconstruction,gaze,pearson_r,0.0,15,0.0,-0.00033913078368641436,-0.00011445929703768343
within,reconstruction,gaze,pearson_r,0.0,15,1.0,0.00619497150182724,0.01661512814462185
within,reconstruction,gaze,pearson_r,0.0,15,2.0,-0.03157123178243637,0.02434391900897026
within,reconstruction,gaze,pearson_r,0.0,15,3.0,-0.01029189396649599,-0.011154691688716412
within,reconstruction,gaze,pearson_r,0.0,15,4.0,-0.015892624855041504,-0.010448727756738663
within,reconstruction,gaze_imu,pearson_r,0.0,15,0.0,0.0066267941147089005,0.05870096758008003
within,reconstruction,gaze_imu,pearson_r,0.0,15,1.0,0.02717665210366249,0.02493295446038246
within,reconstruction,gaze_imu,pearson_r,0.0,15,2.0,0.013308549299836159,0.0284031443297863
within,reconstruction,gaze_imu,pearson_r,0.0,15,3.0,-0.007310380693525076,0.008361376821994781
within,reconstruction,gaze_imu,pearson_r,0.0,15,4.0,-0.018219497054815292,-0.0018530180677771568
within,reconstruction,imu,pearson_r,0.0,15,0.0,0.008991214446723461,0.03744092956185341
within,reconstruction,imu,pearson_r,0.0,15,1.0,0.016902552917599678,-0.03605715557932854
within,reconstruction,imu,pearson_r,0.0,15,2.0,-0.016757693141698837,0.008654789067804813
within,reconstruction,imu,pearson_r,0.0,15,3.0,0.004462459124624729,0.023124706000089645
within,reconstruction,imu,pearson_r,0.0,15,4.0,0.02304636314511299,0.001954797888174653
within,speaker4,eeg,acc,0.25,15,0.0,0.21764705882352942,0.3333333333333333
within,speaker4,eeg,acc,0.25,15,1.0,0.2411764705882353,0.24285714285714285
within,speaker4,eeg,acc,0.25,15,2.0,0.30625,0.26
within,speaker4,eeg,acc,0.25,15,3.0,0.2875,0.3230769230769231
within,speaker4,eeg,acc,0.25,15,4.0,0.3,0.32941176470588235
within,speaker4,gaze,acc,0.25,15,0.0,0.2529411764705882,0.26666666666666666
within,speaker4,gaze,acc,0.25,15,1.0,0.27647058823529413,0.2571428571428571
within,speaker4,gaze,acc,0.25,15,2.0,0.25625,0.26
within,speaker4,gaze,acc,0.25,15,3.0,0.21875,0.3
within,speaker4,gaze,acc,0.25,15,4.0,0.225,0.2411764705882353
within,speaker4,imu,acc,0.25,15,0.0,0.3,0.3
within,speaker4,imu,acc,0.25,15,1.0,0.25882352941176473,0.3142857142857143
within,speaker4,imu,acc,0.25,15,2.0,0.3,0.21
within,speaker4,imu,acc,0.25,15,3.0,0.3,0.35384615384615387
within,speaker4,imu,acc,0.25,15,4.0,0.28125,0.34705882352941175
within,eccentricity,eeg,acc,0.5,16,0.0,0.5411764705882353,0.43333333333333335
within,eccentricity,eeg,acc,0.5,16,1.0,0.5294117647058824,0.6
within,eccentricity,eeg,acc,0.5,16,2.0,0.5,0.58
within,eccentricity,eeg,acc,0.5,16,3.0,0.55,0.4928571428571429
within,eccentricity,eeg,acc,0.5,16,4.0,0.50625,0.5588235294117647
within,eccentricity,gaze,acc,0.5,16,0.0,0.5117647058823529,0.6
within,eccentricity,gaze,acc,0.5,16,1.0,0.5,0.5142857142857142
within,eccentricity,gaze,acc,0.5,16,2.0,0.5235294117647059,0.49
within,eccentricity,gaze,acc,0.5,16,3.0,0.5,0.5357142857142857
within,eccentricity,gaze,acc,0.5,16,4.0,0.4625,0.5117647058823529
within,eccentricity,imu,acc,0.5,16,0.0,0.5176470588235295,0.43333333333333335
within,eccentricity,imu,acc,0.5,16,1.0,0.5470588235294118,0.6714285714285714
within,eccentricity,imu,acc,0.5,16,2.0,0.4764705882352941,0.58
within,eccentricity,imu,acc,0.5,16,3.0,0.5125,0.4857142857142857
within,eccentricity,imu,acc,0.5,16,4.0,0.425,0.6058823529411764
within,hemisphere,eeg,acc,0.5,16,0.0,0.4588235294117647,0.5333333333333333
within,hemisphere,eeg,acc,0.5,16,1.0,0.48823529411764705,0.44285714285714284
within,hemisphere,eeg,acc,0.5,16,2.0,0.5117647058823529,0.48
within,hemisphere,eeg,acc,0.5,16,3.0,0.53125,0.5285714285714286
within,hemisphere,eeg,acc,0.5,16,4.0,0.4875,0.5294117647058824
within,hemisphere,gaze,acc,0.5,16,0.0,0.5176470588235295,0.5666666666666667
within,hemisphere,gaze,acc,0.5,16,1.0,0.5176470588235295,0.5
within,hemisphere,gaze,acc,0.5,16,2.0,0.48823529411764705,0.56
within,hemisphere,gaze,acc,0.5,16,3.0,0.4625,0.5
within,hemisphere,gaze,acc,0.5,16,4.0,0.50625,0.5235294117647059
within,hemisphere,imu,acc,0.5,16,0.0,0.4764705882352941,0.6333333333333333
within,hemisphere,imu,acc,0.5,16,1.0,0.4235294117647059,0.4857142857142857
within,hemisphere,imu,acc,0.5,16,2.0,0.5529411764705883,0.48
within,hemisphere,imu,acc,0.5,16,3.0,0.51875,0.5642857142857143
within,hemisphere,imu,acc,0.5,16,4.0,0.53125,0.5294117647058824
within,reconstruction,eeg,pearson_r,0.0,16,0.0,-0.009466182440519333,-0.055132340639829636
within,reconstruction,eeg,pearson_r,0.0,16,1.0,0.0077239167876541615,-0.026118235662579536
within,reconstruction,eeg,pearson_r,0.0,16,2.0,-0.005231852177530527,0.028617363423109055
within,reconstruction,eeg,pearson_r,0.0,16,3.0,0.03941626846790314,0.01570158265531063
within,reconstruction,eeg,pearson_r,0.0,16,4.0,0.001794319599866867,0.033331841230392456
within,reconstruction,eeg_gaze,pearson_r,0.0,16,0.0,-0.00990365818142891,-0.057910192757844925
within,reconstruction,eeg_gaze,pearson_r,0.0,16,1.0,0.008493083529174328,-0.025843806564807892
within,reconstruction,eeg_gaze,pearson_r,0.0,16,2.0,-0.0026777961757034063,0.029393082484602928
within,reconstruction,eeg_gaze,pearson_r,0.0,16,3.0,0.033325180411338806,0.018993237987160683
within,reconstruction,eeg_gaze,pearson_r,0.0,16,4.0,0.0033930812496691942,0.03663048520684242
within,reconstruction,eeg_gaze_imu,pearson_r,0.0,16,0.0,-0.03161418437957764,0.003163266694173217
within,reconstruction,eeg_gaze_imu,pearson_r,0.0,16,1.0,0.006245741620659828,-0.006868018303066492
within,reconstruction,eeg_gaze_imu,pearson_r,0.0,16,2.0,0.00986617710441351,0.022000910714268684
within,reconstruction,eeg_gaze_imu,pearson_r,0.0,16,3.0,0.039590492844581604,0.01788020320236683
within,reconstruction,eeg_gaze_imu,pearson_r,0.0,16,4.0,0.00877438485622406,0.04493097960948944
within,reconstruction,eeg_imu,pearson_r,0.0,16,0.0,-0.030838340520858765,0.028447600081562996
within,reconstruction,eeg_imu,pearson_r,0.0,16,1.0,0.007331310771405697,-0.018523504957556725
within,reconstruction,eeg_imu,pearson_r,0.0,16,2.0,0.007800590246915817,0.024040954187512398
within,reconstruction,eeg_imu,pearson_r,0.0,16,3.0,0.0434207059442997,0.012365559116005898
within,reconstruction,eeg_imu,pearson_r,0.0,16,4.0,0.009845541790127754,0.038947317749261856
within,reconstruction,gaze,pearson_r,0.0,16,0.0,-0.02370520494878292,0.0641658753156662
within,reconstruction,gaze,pearson_r,0.0,16,1.0,-0.0074102855287492275,-0.01735350675880909
within,reconstruction,gaze,pearson_r,0.0,16,2.0,-0.028653526678681374,-0.0035490572918206453
within,reconstruction,gaze,pearson_r,0.0,16,3.0,0.02508024498820305,0.017605619505047798
within,reconstruction,gaze,pearson_r,0.0,16,4.0,0.0007923170924186707,0.025474533438682556
within,reconstruction,gaze_imu,pearson_r,0.0,16,0.0,-0.022947052493691444,0.05600379779934883
within,reconstruction,gaze_imu,pearson_r,0.0,16,1.0,0.012686158530414104,0.05665021762251854
within,reconstruction,gaze_imu,pearson_r,0.0,16,2.0,-0.015835613012313843,0.02087351121008396
within,reconstruction,gaze_imu,pearson_r,0.0,16,3.0,0.023026421666145325,0.004189205355942249
within,reconstruction,gaze_imu,pearson_r,0.0,16,4.0,-0.00428870040923357,0.01790587790310383
within,reconstruction,imu,pearson_r,0.0,16,0.0,-0.03071529231965542,0.07886634021997452
within,reconstruction,imu,pearson_r,0.0,16,1.0,-0.016803396865725517,-0.025545289739966393
within,reconstruction,imu,pearson_r,0.0,16,2.0,0.01398506760597229,0.007450975012034178
within,reconstruction,imu,pearson_r,0.0,16,3.0,0.01945701241493225,0.017925646156072617
within,reconstruction,imu,pearson_r,0.0,16,4.0,0.027081836014986038,0.020863141864538193
within,speaker4,eeg,acc,0.25,16,0.0,0.17647058823529413,0.3333333333333333
within,speaker4,eeg,acc,0.25,16,1.0,0.2235294117647059,0.22857142857142856
within,speaker4,eeg,acc,0.25,16,2.0,0.27647058823529413,0.2
within,speaker4,eeg,acc,0.25,16,3.0,0.30625,0.39285714285714285
within,speaker4,eeg,acc,0.25,16,4.0,0.275,0.3588235294117647
within,speaker4,gaze,acc,0.25,16,0.0,0.2647058823529412,0.3
within,speaker4,gaze,acc,0.25,16,1.0,0.2823529411764706,0.22857142857142856
within,speaker4,gaze,acc,0.25,16,2.0,0.2647058823529412,0.28
within,speaker4,gaze,acc,0.25,16,3.0,0.20625,0.30714285714285716
within,speaker4,gaze,acc,0.25,16,4.0,0.25625,0.3058823529411765
within,speaker4,imu,acc,0.25,16,0.0,0.2647058823529412,0.3
within,speaker4,imu,acc,0.25,16,1.0,0.25882352941176473,0.3
within,speaker4,imu,acc,0.25,16,2.0,0.27058823529411763,0.23
within,speaker4,imu,acc,0.25,16,3.0,0.29375,0.3357142857142857
within,speaker4,imu,acc,0.25,16,4.0,0.2875,0.34705882352941175
within,eccentricity,eeg,acc,0.5,1,0.0,0.5058823529411764,0.5333333333333333
within,eccentricity,eeg,acc,0.5,1,1.0,0.4823529411764706,0.5714285714285714
within,eccentricity,eeg,acc,0.5,1,2.0,0.5117647058823529,0.53
within,eccentricity,eeg,acc,0.5,1,3.0,0.575,0.4785714285714286
within,eccentricity,eeg,acc,0.5,1,4.0,0.475,0.5352941176470588
within,eccentricity,gaze,acc,0.5,1,0.0,0.5117647058823529,0.5666666666666667
within,eccentricity,gaze,acc,0.5,1,1.0,0.4823529411764706,0.5142857142857142
within,eccentricity,gaze,acc,0.5,1,2.0,0.5176470588235295,0.5
within,eccentricity,gaze,acc,0.5,1,3.0,0.53125,0.5214285714285715
within,eccentricity,gaze,acc,0.5,1,4.0,0.44375,0.5
within,eccentricity,imu,acc,0.5,1,0.0,0.5,0.5
within,eccentricity,imu,acc,0.5,1,1.0,0.5176470588235295,0.6142857142857143
within,eccentricity,imu,acc,0.5,1,2.0,0.48823529411764705,0.56
within,eccentricity,imu,acc,0.5,1,3.0,0.5125,0.5214285714285715
within,eccentricity,imu,acc,0.5,1,4.0,0.4375,0.5882352941176471
within,hemisphere,eeg,acc,0.5,1,0.0,0.45294117647058824,0.6
within,hemisphere,eeg,acc,0.5,1,1.0,0.5,0.4714285714285714
within,hemisphere,eeg,acc,0.5,1,2.0,0.5235294117647059,0.46
within,hemisphere,eeg,acc,0.5,1,3.0,0.51875,0.5214285714285715
within,hemisphere,eeg,acc,0.5,1,4.0,0.48125,0.5235294117647059
within,hemisphere,gaze,acc,0.5,1,0.0,0.5117647058823529,0.5333333333333333
within,hemisphere,gaze,acc,0.5,1,1.0,0.5352941176470588,0.5
within,hemisphere,gaze,acc,0.5,1,2.0,0.5176470588235295,0.51
within,hemisphere,gaze,acc,0.5,1,3.0,0.5,0.5142857142857142
within,hemisphere,gaze,acc,0.5,1,4.0,0.525,0.5235294117647059
within,hemisphere,imu,acc,0.5,1,0.0,0.5117647058823529,0.5666666666666667
within,hemisphere,imu,acc,0.5,1,1.0,0.4235294117647059,0.5285714285714286
within,hemisphere,imu,acc,0.5,1,2.0,0.5823529411764706,0.56
within,hemisphere,imu,acc,0.5,1,3.0,0.5125,0.5571428571428572
within,hemisphere,imu,acc,0.5,1,4.0,0.55,0.5235294117647059
within,reconstruction,eeg,pearson_r,0.0,1,0.0,-0.026153836399316788,0.040663186460733414
within,reconstruction,eeg,pearson_r,0.0,1,1.0,0.034037958830595016,0.01465416606515646
within,reconstruction,eeg,pearson_r,0.0,1,2.0,-0.013980657793581486,0.047436922788619995
within,reconstruction,eeg,pearson_r,0.0,1,3.0,-0.005415816325694323,-0.017020998522639275
within,reconstruction,eeg,pearson_r,0.0,1,4.0,0.026679012924432755,0.0022508578840643167
within,reconstruction,eeg_gaze,pearson_r,0.0,1,0.0,-0.021933240815997124,0.0413837768137455
within,reconstruction,eeg_gaze,pearson_r,0.0,1,1.0,0.035683829337358475,0.012140524573624134
within,reconstruction,eeg_gaze,pearson_r,0.0,1,2.0,-0.013155362568795681,0.04751936346292496
within,reconstruction,eeg_gaze,pearson_r,0.0,1,3.0,-0.008237225003540516,-0.017257139086723328
within,reconstruction,eeg_gaze,pearson_r,0.0,1,4.0,0.02523530088365078,-0.0014631312806159258
within,reconstruction,eeg_gaze_imu,pearson_r,0.0,1,0.0,-0.02630574256181717,0.03325388953089714
within,reconstruction,eeg_gaze_imu,pearson_r,0.0,1,1.0,0.027680708095431328,0.0163737665861845
within,reconstruction,eeg_gaze_imu,pearson_r,0.0,1,2.0,-0.012052292935550213,0.03339546546339989
within,reconstruction,eeg_gaze_imu,pearson_r,0.0,1,3.0,-0.004867152310907841,-0.01445060782134533
within,reconstruction,eeg_gaze_imu,pearson_r,0.0,1,4.0,0.026654217392206192,0.003363371593877673
within,reconstruction,eeg_imu,pearson_r,0.0,1,0.0,-0.028828270733356476,0.05377837270498276
within,reconstruction,eeg_imu,pearson_r,0.0,1,1.0,0.03632068634033203,0.018455924466252327
within,reconstruction,eeg_imu,pearson_r,0.0,1,2.0,-0.013740135356783867,0.04829331859946251
within,reconstruction,eeg_imu,pearson_r,0.0,1,3.0,0.008103822357952595,-0.01834537647664547
within,reconstruction,eeg_imu,pearson_r,0.0,1,4.0,0.033432766795158386,0.013357728719711304
within,reconstruction,gaze,pearson_r,0.0,1,0.0,0.0031119431369006634,0.029030343517661095
within,reconstruction,gaze,pearson_r,0.0,1,1.0,0.0,0.0
within,reconstruction,gaze,pearson_r,0.0,1,2.0,0.0,0.0
within,reconstruction,gaze,pearson_r,0.0,1,3.0,0.0,0.0
within,reconstruction,gaze,pearson_r,0.0,1,4.0,0.0,0.0
within,reconstruction,gaze_imu,pearson_r,0.0,1,0.0,0.030389774590730667,-0.0006109641981311142
within,reconstruction,gaze_imu,pearson_r,0.0,1,1.0,0.03658381104469299,0.04413861408829689
within,reconstruction,gaze_imu,pearson_r,0.0,1,2.0,-0.0205581896007061,0.045687127858400345
within,reconstruction,gaze_imu,pearson_r,0.0,1,3.0,-0.001801933511160314,0.0036139250732958317
within,reconstruction,gaze_imu,pearson_r,0.0,1,4.0,0.030999276787042618,0.0013801469467580318
within,reconstruction,imu,pearson_r,0.0,1,0.0,0.013165734708309174,0.006825650576502085
within,reconstruction,imu,pearson_r,0.0,1,1.0,0.00989476963877678,0.0013078770134598017
within,reconstruction,imu,pearson_r,0.0,1,2.0,-0.005910769570618868,0.02572445198893547
within,reconstruction,imu,pearson_r,0.0,1,3.0,0.013089691288769245,-0.031917497515678406
within,reconstruction,imu,pearson_r,0.0,1,4.0,0.019978586584329605,0.020264241844415665
within,speaker4,eeg,acc,0.25,1,0.0,0.23529411764705882,0.3333333333333333
within,speaker4,eeg,acc,0.25,1,1.0,0.25882352941176473,0.2857142857142857
within,speaker4,eeg,acc,0.25,1,2.0,0.27058823529411763,0.23
within,speaker4,eeg,acc,0.25,1,3.0,0.28125,0.35
within,speaker4,eeg,acc,0.25,1,4.0,0.28125,0.35294117647058826
within,speaker4,gaze,acc,0.25,1,0.0,0.22941176470588234,0.3333333333333333
within,speaker4,gaze,acc,0.25,1,1.0,0.24705882352941178,0.2714285714285714
within,speaker4,gaze,acc,0.25,1,2.0,0.27647058823529413,0.26
within,speaker4,gaze,acc,0.25,1,3.0,0.2125,0.3357142857142857
within,speaker4,gaze,acc,0.25,1,4.0,0.225,0.2411764705882353
within,speaker4,imu,acc,0.25,1,0.0,0.3,0.3333333333333333
within,speaker4,imu,acc,0.25,1,1.0,0.2823529411764706,0.3
within,speaker4,imu,acc,0.25,1,2.0,0.2529411764705882,0.23
within,speaker4,imu,acc,0.25,1,3.0,0.29375,0.3357142857142857
within,speaker4,imu,acc,0.25,1,4.0,0.3125,0.34705882352941175
within,eccentricity,eeg,acc,0.5,2,0.0,0.5588235294117647,0.3333333333333333
within,eccentricity,eeg,acc,0.5,2,1.0,0.4823529411764706,0.6285714285714286
within,eccentricity,eeg,acc,0.5,2,2.0,0.47058823529411764,0.53
within,eccentricity,eeg,acc,0.5,2,3.0,0.51875,0.45
within,eccentricity,eeg,acc,0.5,2,4.0,0.50625,0.48823529411764705
within,eccentricity,gaze,acc,0.5,2,0.0,0.5176470588235295,0.5333333333333333
within,eccentricity,gaze,acc,0.5,2,1.0,0.5117647058823529,0.5285714285714286
within,eccentricity,gaze,acc,0.5,2,2.0,0.5117647058823529,0.52
within,eccentricity,gaze,acc,0.5,2,3.0,0.525,0.5214285714285715
within,eccentricity,gaze,acc,0.5,2,4.0,0.45,0.5176470588235295
within,eccentricity,imu,acc,0.5,2,0.0,0.5470588235294118,0.4666666666666667
within,eccentricity,imu,acc,0.5,2,1.0,0.5352941176470588,0.6857142857142857
within,eccentricity,imu,acc,0.5,2,2.0,0.5411764705882353,0.53
within,eccentricity,imu,acc,0.5,2,3.0,0.51875,0.5142857142857142
within,eccentricity,imu,acc,0.5,2,4.0,0.5125,0.5882352941176471
within,hemisphere,eeg,acc,0.5,2,0.0,0.4411764705882353,0.4666666666666667
within,hemisphere,eeg,acc,0.5,2,1.0,0.4823529411764706,0.44285714285714284
within,hemisphere,eeg,acc,0.5,2,2.0,0.4823529411764706,0.42
within,hemisphere,eeg,acc,0.5,2,3.0,0.51875,0.5142857142857142
within,hemisphere,eeg,acc,0.5,2,4.0,0.4625,0.5411764705882353
within,hemisphere,gaze,acc,0.5,2,0.0,0.5,0.5
within,hemisphere,gaze,acc,0.5,2,1.0,0.5058823529411764,0.5285714285714286
within,hemisphere,gaze,acc,0.5,2,2.0,0.4823529411764706,0.53
within,hemisphere,gaze,acc,0.5,2,3.0,0.475,0.4857142857142857
within,hemisphere,gaze,acc,0.5,2,4.0,0.525,0.48823529411764705
within,hemisphere,imu,acc,0.5,2,0.0,0.48823529411764705,0.6
within,hemisphere,imu,acc,0.5,2,1.0,0.45294117647058824,0.5142857142857142
within,hemisphere,imu,acc,0.5,2,2.0,0.5411764705882353,0.5
within,hemisphere,imu,acc,0.5,2,3.0,0.5,0.55
within,hemisphere,imu,acc,0.5,2,4.0,0.525,0.5235294117647059
within,reconstruction,eeg,pearson_r,0.0,2,0.0,0.014305992983281612,0.0701901912689209
within,reconstruction,eeg,pearson_r,0.0,2,1.0,0.012046512216329575,0.05855521559715271
within,reconstruction,eeg,pearson_r,0.0,2,2.0,-0.016715852543711662,0.026169810444116592
within,reconstruction,eeg,pearson_r,0.0,2,3.0,-0.007425985299050808,-0.006127458065748215
within,reconstruction,eeg,pearson_r,0.0,2,4.0,0.017454911023378372,-0.012140980921685696
within,reconstruction,eeg_gaze,pearson_r,0.0,2,0.0,0.017520835623145103,0.0611039474606514
within,reconstruction,eeg_gaze,pearson_r,0.0,2,1.0,0.0105948057025671,0.06534896045923233
within,reconstruction,eeg_gaze,pearson_r,0.0,2,2.0,-0.036181651055812836,0.03511462360620499
within,reconstruction,eeg_gaze,pearson_r,0.0,2,3.0,-0.00789014995098114,-0.039386436343193054
within,reconstruction,eeg_gaze,pearson_r,0.0,2,4.0,0.0205011535435915,0.0012576769804582
within,reconstruction,eeg_gaze_imu,pearson_r,0.0,2,0.0,0.005104033276438713,0.07090141624212265
within,reconstruction,eeg_gaze_imu,pearson_r,0.0,2,1.0,0.0001107938151108101,0.04719545319676399
within,reconstruction,eeg_gaze_imu,pearson_r,0.0,2,2.0,-0.03565465658903122,0.022779757156968117
within,reconstruction,eeg_gaze_imu,pearson_r,0.0,2,3.0,-0.011339832097291946,-0.028044790029525757
within,reconstruction,eeg_gaze_imu,pearson_r,0.0,2,4.0,0.022996874526143074,0.011289818212389946
within,reconstruction,eeg_imu,pearson_r,0.0,2,0.0,0.014571769163012505,0.04511179029941559
within,reconstruction,eeg_imu,pearson_r,0.0,2,1.0,0.009901649318635464,0.06472088396549225
within,reconstruction,eeg_imu,pearson_r,0.0,2,2.0,0.0004591128381434828,0.023248987272381783
within,reconstruction,eeg_imu,pearson_r,0.0,2,3.0,-0.013306890614330769,0.009288021363317966
within,reconstruction,eeg_imu,pearson_r,0.0,2,4.0,0.03671129792928696,0.006361749023199081
within,reconstruction,gaze,pearson_r,0.0,2,0.0,-0.015507044270634651,0.0009974758140742779
within,reconstruction,gaze,pearson_r,0.0,2,1.0,-0.0319661907851696,0.027361303567886353
within,reconstruction,gaze,pearson_r,0.0,2,2.0,-0.057029981166124344,0.023168837651610374
within,reconstruction,gaze,pearson_r,0.0,2,3.0,-0.015828054398298264,-0.03316148743033409
within,reconstruction,gaze,pearson_r,0.0,2,4.0,-0.009384272620081902,-0.023096898570656776
within,reconstruction,gaze_imu,pearson_r,0.0,2,0.0,0.0006766837905161083,0.04678065702319145
within,reconstruction,gaze_imu,pearson_r,0.0,2,1.0,-0.04184264689683914,0.030710570514202118
within,reconstruction,gaze_imu,pearson_r,0.0,2,2.0,-0.00794928427785635,0.008862636983394623
within,reconstruction,gaze_imu,pearson_r,0.0,2,3.0,-0.04462973028421402,-0.00013195446808822453
within,reconstruction,gaze_imu,pearson_r,0.0,2,4.0,-0.004469399340450764,0.009305219165980816
within,reconstruction,imu,pearson_r,0.0,2,0.0,-0.023754989728331566,0.033639729022979736
within,reconstruction,imu,pearson_r,0.0,2,1.0,0.01520163007080555,-0.053868524730205536
within,reconstruction,imu,pearson_r,0.0,2,2.0,-0.0062288264743983746,0.023601729422807693
within,reconstruction,imu,pearson_r,0.0,2,3.0,0.021086283028125763,0.01817142218351364
within,reconstruction,imu,pearson_r,0.0,2,4.0,0.00823673140257597,0.03827596455812454
within,speaker4,eeg,acc,0.25,2,0.0,0.18823529411764706,0.3
within,speaker4,eeg,acc,0.25,2,1.0,0.2411764705882353,0.2571428571428571
within,speaker4,eeg,acc,0.25,2,2.0,0.2529411764705882,0.25
within,speaker4,eeg,acc,0.25,2,3.0,0.3125,0.37142857142857144
within,speaker4,eeg,acc,0.25,2,4.0,0.30625,0.34705882352941175
within,speaker4,gaze,acc,0.25,2,0.0,0.2529411764705882,0.3
within,speaker4,gaze,acc,0.25,2,1.0,0.27647058823529413,0.24285714285714285
within,speaker4,gaze,acc,0.25,2,2.0,0.2529411764705882,0.24
within,speaker4,gaze,acc,0.25,2,3.0,0.1875,0.2642857142857143
within,speaker4,gaze,acc,0.25,2,4.0,0.28125,0.3588235294117647
within,speaker4,imu,acc,0.25,2,0.0,0.2529411764705882,0.3333333333333333
within,speaker4,imu,acc,0.25,2,1.0,0.2647058823529412,0.3
within,speaker4,imu,acc,0.25,2,2.0,0.25882352941176473,0.22
within,speaker4,imu,acc,0.25,2,3.0,0.28125,0.3142857142857143
within,speaker4,imu,acc,0.25,2,4.0,0.28125,0.34705882352941175
within,eccentricity,eeg,acc,0.5,3,0.0,0.5352941176470588,0.4666666666666667
within,eccentricity,eeg,acc,0.5,3,1.0,0.49411764705882355,0.6
within,eccentricity,eeg,acc,0.5,3,2.0,0.5117647058823529,0.57
within,eccentricity,eeg,acc,0.5,3,3.0,0.5,0.5
within,eccentricity,eeg,acc,0.5,3,4.0,0.45625,0.5058823529411764
within,eccentricity,gaze,acc,0.5,3,0.0,0.5058823529411764,0.6
within,eccentricity,gaze,acc,0.5,3,1.0,0.4764705882352941,0.5142857142857142
within,eccentricity,gaze,acc,0.5,3,2.0,0.5058823529411764,0.5
within,eccentricity,gaze,acc,0.5,3,3.0,0.5,0.5071428571428571
within,eccentricity,gaze,acc,0.5,3,4.0,0.475,0.5235294117647059
within,eccentricity,imu,acc,0.5,3,0.0,0.5176470588235295,0.5333333333333333
within,eccentricity,imu,acc,0.5,3,1.0,0.5411764705882353,0.7428571428571429
within,eccentricity,imu,acc,0.5,3,2.0,0.5,0.58
within,eccentricity,imu,acc,0.5,3,3.0,0.51875,0.5071428571428571
within,eccentricity,imu,acc,0.5,3,4.0,0.46875,0.5882352941176471
within,hemisphere,eeg,acc,0.5,3,0.0,0.45294117647058824,0.5333333333333333
within,hemisphere,eeg,acc,0.5,3,1.0,0.4764705882352941,0.45714285714285713
within,hemisphere,eeg,acc,0.5,3,2.0,0.4823529411764706,0.45
within,hemisphere,eeg,acc,0.5,3,3.0,0.5125,0.5214285714285715
within,hemisphere,eeg,acc,0.5,3,4.0,0.45625,0.5411764705882353
within,hemisphere,gaze,acc,0.5,3,0.0,0.5058823529411764,0.4666666666666667
within,hemisphere,gaze,acc,0.5,3,1.0,0.5294117647058824,0.5
within,hemisphere,gaze,acc,0.5,3,2.0,0.5058823529411764,0.54
within,hemisphere,gaze,acc,0.5,3,3.0,0.4625,0.4857142857142857
within,hemisphere,gaze,acc,0.5,3,4.0,0.5375,0.5176470588235295
within,hemisphere,imu,acc,0.5,3,0.0,0.5,0.6
within,hemisphere,imu,acc,0.5,3,1.0,0.43529411764705883,0.5142857142857142
within,hemisphere,imu,acc,0.5,3,2.0,0.5117647058823529,0.47
within,hemisphere,imu,acc,0.5,3,3.0,0.4875,0.5571428571428572
within,hemisphere,imu,acc,0.5,3,4.0,0.5,0.5176470588235295
within,reconstruction,eeg,pearson_r,0.0,3,0.0,-0.029452268034219742,0.049659546464681625
within,reconstruction,eeg,pearson_r,0.0,3,1.0,-0.005417480133473873,0.006707788445055485
within,reconstruction,eeg,pearson_r,0.0,3,2.0,-0.009605754166841507,-0.012720677070319653
within,reconstruction,eeg,pearson_r,0.0,3,3.0,0.023757386952638626,-0.012775605544447899
within,reconstruction,eeg,pearson_r,0.0,3,4.0,0.012755682691931725,0.021368155255913734
within,reconstruction,eeg_gaze,pearson_r,0.0,3,0.0,-0.031559381633996964,0.05449783429503441
within,reconstruction,eeg_gaze,pearson_r,0.0,3,1.0,-0.010684149339795113,-0.0029173775110393763
within,reconstruction,eeg_gaze,pearson_r,0.0,3,2.0,-0.006205468904227018,-0.014970106072723866
within,reconstruction,eeg_gaze,pearson_r,0.0,3,3.0,0.01255815289914608,0.018525129184126854
within,reconstruction,eeg_gaze,pearson_r,0.0,3,4.0,0.023388147354125977,0.03356824442744255
within,reconstruction,eeg_gaze_imu,pearson_r,0.0,3,0.0,-0.026528390124440193,0.06607269495725632
within,reconstruction,eeg_gaze_imu,pearson_r,0.0,3,1.0,0.006753350142389536,0.009239152073860168
within,reconstruction,eeg_gaze_imu,pearson_r,0.0,3,2.0,-0.0027249413542449474,-0.0010775368427857757
within,reconstruction,eeg_gaze_imu,pearson_r,0.0,3,3.0,0.012377642095088959,0.017060069367289543
within,reconstruction,eeg_gaze_imu,pearson_r,0.0,3,4.0,0.013581544160842896,0.04277263954281807
within,reconstruction,eeg_imu,pearson_r,0.0,3,0.0,-0.02770712785422802,0.03814058005809784
within,reconstruction,eeg_imu,pearson_r,0.0,3,1.0,0.00282872561365366,0.028115997090935707
within,reconstruction,eeg_imu,pearson_r,0.0,3,2.0,-0.008514597080647945,-0.011994379572570324
within,reconstruction,eeg_imu,pearson_r,0.0,3,3.0,0.005338605493307114,0.005870914552360773
within,reconstruction,eeg_imu,pearson_r,0.0,3,4.0,0.012578638270497322,0.026492029428482056
within,reconstruction,gaze,pearson_r,0.0,3,0.0,-0.0059098438359797,0.03814651072025299
within,reconstruction,gaze,pearson_r,0.0,3,1.0,0.001041545532643795,-0.002491924213245511
within,reconstruction,gaze,pearson_r,0.0,3,2.0,0.014632929116487503,-0.010952339507639408
within,reconstruction,gaze,pearson_r,0.0,3,3.0,-0.001992934849113226,0.03954740986227989
within,reconstruction,gaze,pearson_r,0.0,3,4.0,0.014289489015936852,0.024243921041488647
within,reconstruction,gaze_imu,pearson_r,0.0,3,0.0,-0.007294740527868271,0.0264203529804945
within,reconstruction,gaze_imu,pearson_r,0.0,3,1.0,0.012021563947200775,0.011243374086916447
within,reconstruction,gaze_imu,pearson_r,0.0,3,2.0,0.0014549059560522437,-0.0077535295858979225
within,reconstruction,gaze_imu,pearson_r,0.0,3,3.0,0.014377276413142681,0.023211851716041565
within,reconstruction,gaze_imu,pearson_r,0.0,3,4.0,0.005410289857536554,0.03800898417830467
within,reconstruction,imu,pearson_r,0.0,3,0.0,-0.019083555787801743,0.06317202001810074
within,reconstruction,imu,pearson_r,0.0,3,1.0,0.004221251700073481,0.04118776693940163
within,reconstruction,imu,pearson_r,0.0,3,2.0,-0.03976969048380852,0.013014026917517185
within,reconstruction,imu,pearson_r,0.0,3,3.0,-0.00413141492754221,0.0015650000423192978
within,reconstruction,imu,pearson_r,0.0,3,4.0,0.005836334079504013,0.011981450952589512
within,speaker4,eeg,acc,0.25,3,0.0,0.18823529411764706,0.3333333333333333
within,speaker4,eeg,acc,0.25,3,1.0,0.22941176470588234,0.21428571428571427
within,speaker4,eeg,acc,0.25,3,2.0,0.3058823529411765,0.17
within,speaker4,eeg,acc,0.25,3,3.0,0.325,0.37857142857142856
within,speaker4,eeg,acc,0.25,3,4.0,0.29375,0.37058823529411766
within,speaker4,gaze,acc,0.25,3,0.0,0.2235294117647059,0.26666666666666666
within,speaker4,gaze,acc,0.25,3,1.0,0.27058823529411763,0.24285714285714285
within,speaker4,gaze,acc,0.25,3,2.0,0.27058823529411763,0.25
within,speaker4,gaze,acc,0.25,3,3.0,0.24375,0.29285714285714287
within,speaker4,gaze,acc,0.25,3,4.0,0.30625,0.3352941176470588
within,speaker4,imu,acc,0.25,3,0.0,0.2647058823529412,0.3
within,speaker4,imu,acc,0.25,3,1.0,0.2823529411764706,0.3
within,speaker4,imu,acc,0.25,3,2.0,0.25882352941176473,0.22
within,speaker4,imu,acc,0.25,3,3.0,0.3125,0.34285714285714286
within,speaker4,imu,acc,0.25,3,4.0,0.29375,0.36470588235294116
within,eccentricity,eeg,acc,0.5,4,0.0,0.5411764705882353,0.43333333333333335
within,eccentricity,eeg,acc,0.5,4,1.0,0.5176470588235295,0.5857142857142857
within,eccentricity,eeg,acc,0.5,4,2.0,0.47058823529411764,0.56
within,eccentricity,eeg,acc,0.5,4,3.0,0.6,0.45714285714285713
within,eccentricity,eeg,acc,0.5,4,4.0,0.4875,0.6058823529411764
within,eccentricity,gaze,acc,0.5,4,0.0,0.5411764705882353,0.6
within,eccentricity,gaze,acc,0.5,4,1.0,0.4823529411764706,0.5285714285714286
within,eccentricity,gaze,acc,0.5,4,2.0,0.49411764705882355,0.5
within,eccentricity,gaze,acc,0.5,4,3.0,0.5,0.5142857142857142
within,eccentricity,gaze,acc,0.5,4,4.0,0.44375,0.5
within,eccentricity,imu,acc,0.5,4,0.0,0.5235294117647059,0.43333333333333335
within,eccentricity,imu,acc,0.5,4,1.0,0.5352941176470588,0.6714285714285714
within,eccentricity,imu,acc,0.5,4,2.0,0.5352941176470588,0.57
within,eccentricity,imu,acc,0.5,4,3.0,0.55,0.55
within,eccentricity,imu,acc,0.5,4,4.0,0.4625,0.5764705882352941
within,hemisphere,eeg,acc,0.5,4,0.0,0.4294117647058823,0.5
within,hemisphere,eeg,acc,0.5,4,1.0,0.4647058823529412,0.5
within,hemisphere,eeg,acc,0.5,4,2.0,0.5,0.41
within,hemisphere,eeg,acc,0.5,4,3.0,0.4875,0.5142857142857142
within,hemisphere,eeg,acc,0.5,4,4.0,0.50625,0.5235294117647059
within,hemisphere,gaze,acc,0.5,4,0.0,0.5294117647058824,0.4666666666666667
within,hemisphere,gaze,acc,0.5,4,1.0,0.5411764705882353,0.5142857142857142
within,hemisphere,gaze,acc,0.5,4,2.0,0.5,0.53
within,hemisphere,gaze,acc,0.5,4,3.0,0.4625,0.5357142857142857
within,hemisphere,gaze,acc,0.5,4,4.0,0.5125,0.49411764705882355
within,hemisphere,imu,acc,0.5,4,0.0,0.5294117647058824,0.6333333333333333
within,hemisphere,imu,acc,0.5,4,1.0,0.4411764705882353,0.5
within,hemisphere,imu,acc,0.5,4,2.0,0.5588235294117647,0.49
within,hemisphere,imu,acc,0.5,4,3.0,0.49375,0.5428571428571428
within,hemisphere,imu,acc,0.5,4,4.0,0.5625,0.5294117647058824
within,reconstruction,eeg,pearson_r,0.0,4,0.0,-0.00563033064827323,-0.03280659765005112
within,reconstruction,eeg,pearson_r,0.0,4,1.0,-0.006555220577865839,0.018178535625338554
within,reconstruction,eeg,pearson_r,0.0,4,2.0,-0.020107783377170563,-0.013034055009484291
within,reconstruction,eeg,pearson_r,0.0,4,3.0,0.007813108153641224,0.018079442903399467
within,reconstruction,eeg,pearson_r,0.0,4,4.0,-0.019593004137277603,0.02709239535033703
within,reconstruction,eeg_gaze,pearson_r,0.0,4,0.0,-0.012267056852579117,0.03151971101760864
within,reconstruction,eeg_gaze,pearson_r,0.0,4,1.0,-0.0015664560487493873,0.009761533699929714
within,reconstruction,eeg_gaze,pearson_r,0.0,4,2.0,-0.014934778213500977,-0.003513173433020711
within,reconstruction,eeg_gaze,pearson_r,0.0,4,3.0,0.009464753791689873,0.015834515914320946
within,reconstruction,eeg_gaze,pearson_r,0.0,4,4.0,-0.00880583468824625,0.029431825503706932
within,reconstruction,eeg_gaze_imu,pearson_r,0.0,4,0.0,0.0019202675903216004,0.06036290153861046
within,reconstruction,eeg_gaze_imu,pearson_r,0.0,4,1.0,-0.0020731210242956877,0.023450404405593872
within,reconstruction,eeg_gaze_imu,pearson_r,0.0,4,2.0,-0.007132641039788723,-0.004987537395209074
within,reconstruction,eeg_gaze_imu,pearson_r,0.0,4,3.0,-0.011601935140788555,0.02422931417822838
within,reconstruction,eeg_gaze_imu,pearson_r,0.0,4,4.0,-0.005519759841263294,0.032401908189058304
within,reconstruction,eeg_imu,pearson_r,0.0,4,0.0,0.0010091052390635014,-0.04002612829208374
within,reconstruction,eeg_imu,pearson_r,0.0,4,1.0,-0.009094703011214733,0.018783360719680786
within,reconstruction,eeg_imu,pearson_r,0.0,4,2.0,-0.0103897824883461,-0.02719864435493946
within,reconstruction,eeg_imu,pearson_r,0.0,4,3.0,-0.006423241458833218,0.01568770781159401
within,reconstruction,eeg_imu,pearson_r,0.0,4,4.0,-0.003397024469450116,0.029443442821502686
within,reconstruction,gaze,pearson_r,0.0,4,0.0,-0.032130710780620575,0.06136113777756691
within,reconstruction,gaze,pearson_r,0.0,4,1.0,-0.00484202615916729,-0.03205762431025505
within,reconstruction,gaze,pearson_r,0.0,4,2.0,0.000599543156567961,0.02462257444858551
within,reconstruction,gaze,pearson_r,0.0,4,3.0,-0.005008163396269083,0.013784470036625862
within,reconstruction,gaze,pearson_r,0.0,4,4.0,0.011905352585017681,-0.003831824054941535
within,reconstruction,gaze_imu,pearson_r,0.0,4,0.0,-0.014140510931611061,0.13384725153446198
within,reconstruction,gaze_imu,pearson_r,0.0,4,1.0,-4.213066495140083e-05,0.007073886226862669
within,reconstruction,gaze_imu,pearson_r,0.0,4,2.0,0.01711512729525566,-0.008412758819758892
within,reconstruction,gaze_imu,pearson_r,0.0,4,3.0,-0.00841902568936348,0.014400334097445011
within,reconstruction,gaze_imu,pearson_r,0.0,4,4.0,0.031108776107430458,0.0007877945899963379
within,reconstruction,imu,pearson_r,0.0,4,0.0,0.0008043780690059066,0.021906670182943344
within,reconstruction,imu,pearson_r,0.0,4,1.0,-0.014769848436117172,0.006012479774653912
within,reconstruction,imu,pearson_r,0.0,4,2.0,-0.046008624136447906,-0.03448886796832085
within,reconstruction,imu,pearson_r,0.0,4,3.0,0.019287221133708954,-0.01866183988749981
within,reconstruction,imu,pearson_r,0.0,4,4.0,-0.006656558718532324,0.01049449946731329
within,speaker4,eeg,acc,0.25,4,0.0,0.2,0.2
within,speaker4,eeg,acc,0.25,4,1.0,0.18823529411764706,0.2571428571428571
within,speaker4,eeg,acc,0.25,4,2.0,0.27058823529411763,0.22
within,speaker4,eeg,acc,0.25,4,3.0,0.28125,0.32857142857142857
within,speaker4,eeg,acc,0.25,4,4.0,0.29375,0.3411764705882353
within,speaker4,gaze,acc,0.25,4,0.0,0.24705882352941178,0.23333333333333334
within,speaker4,gaze,acc,0.25,4,1.0,0.2647058823529412,0.2714285714285714
within,speaker4,gaze,acc,0.25,4,2.0,0.2647058823529412,0.25
within,speaker4,gaze,acc,0.25,4,3.0,0.2375,0.30714285714285716
within,speaker4,gaze,acc,0.25,4,4.0,0.23125,0.3058823529411765
within,speaker4,imu,acc,0.25,4,0.0,0.2823529411764706,0.4
within,speaker4,imu,acc,0.25,4,1.0,0.27058823529411763,0.3
within,speaker4,imu,acc,0.25,4,2.0,0.25882352941176473,0.21
within,speaker4,imu,acc,0.25,4,3.0,0.3,0.34285714285714286
within,speaker4,imu,acc,0.25,4,4.0,0.3125,0.36470588235294116
within,eccentricity,eeg,acc,0.5,5,0.0,0.5058823529411764,0.5333333333333333
within,eccentricity,eeg,acc,0.5,5,1.0,0.5117647058823529,0.5857142857142857
within,eccentricity,eeg,acc,0.5,5,2.0,0.47058823529411764,0.57
within,eccentricity,eeg,acc,0.5,5,3.0,0.50625,0.4857142857142857
within,eccentricity,eeg,acc,0.5,5,4.0,0.44375,0.5411764705882353
within,eccentricity,gaze,acc,0.5,5,0.0,0.5058823529411764,0.5666666666666667
within,eccentricity,gaze,acc,0.5,5,1.0,0.48823529411764705,0.5285714285714286
within,eccentricity,gaze,acc,0.5,5,2.0,0.5,0.48
within,eccentricity,gaze,acc,0.5,5,3.0,0.5125,0.5285714285714286
within,eccentricity,gaze,acc,0.5,5,4.0,0.4625,0.5
within,eccentricity,imu,acc,0.5,5,0.0,0.5647058823529412,0.5
within,eccentricity,imu,acc,0.5,5,1.0,0.5352941176470588,0.6428571428571429
within,eccentricity,imu,acc,0.5,5,2.0,0.5294117647058824,0.54
within,eccentricity,imu,acc,0.5,5,3.0,0.54375,0.5285714285714286
within,eccentricity,imu,acc,0.5,5,4.0,0.4625,0.5705882352941176
within,hemisphere,eeg,acc,0.5,5,0.0,0.4411764705882353,0.5666666666666667
within,hemisphere,eeg,acc,0.5,5,1.0,0.4823529411764706,0.4857142857142857
within,hemisphere,eeg,acc,0.5,5,2.0,0.5176470588235295,0.41
within,hemisphere,eeg,acc,0.5,5,3.0,0.525,0.5357142857142857
within,hemisphere,eeg,acc,0.5,5,4.0,0.4625,0.5352941176470588
within,hemisphere,gaze,acc,0.5,5,0.0,0.5352941176470588,0.5333333333333333
within,hemisphere,gaze,acc,0.5,5,1.0,0.5176470588235295,0.4714285714285714
within,hemisphere,gaze,acc,0.5,5,2.0,0.5294117647058824,0.57
within,hemisphere,gaze,acc,0.5,5,3.0,0.50625,0.5428571428571428
within,hemisphere,gaze,acc,0.5,5,4.0,0.5,0.5117647058823529
within,hemisphere,imu,acc,0.5,5,0.0,0.5,0.5333333333333333
within,hemisphere,imu,acc,0.5,5,1.0,0.4647058823529412,0.5142857142857142
within,hemisphere,imu,acc,0.5,5,2.0,0.5117647058823529,0.51
within,hemisphere,imu,acc,0.5,5,3.0,0.5125,0.5928571428571429
within,hemisphere,imu,acc,0.5,5,4.0,0.55,0.5235294117647059
within,reconstruction,eeg,pearson_r,0.0,5,0.0,-0.003424427704885602,0.014637278392910957
within,reconstruction,eeg,pearson_r,0.0,5,1.0,-0.032278917729854584,0.004805631935596466
within,reconstruction,eeg,pearson_r,0.0,5,2.0,-0.008290321566164494,-0.01047288067638874
within,reconstruction,eeg,pearson_r,0.0,5,3.0,0.03222249075770378,-0.012569273822009563
within,reconstruction,eeg,pearson_r,0.0,5,4.0,-0.0007889971020631492,0.02588477171957493
within,reconstruction,eeg_gaze,pearson_r,0.0,5,0.0,-0.010435503907501698,0.010812460444867611
within,reconstruction,eeg_gaze,pearson_r,0.0,5,1.0,-0.02162007987499237,0.005651258397847414
within,reconstruction,eeg_gaze,pearson_r,0.0,5,2.0,-0.007879168726503849,-0.005033176392316818
within,reconstruction,eeg_gaze,pearson_r,0.0,5,3.0,0.016500819474458694,-0.012189223431050777
within,reconstruction,eeg_gaze,pearson_r,0.0,5,4.0,-0.004077743738889694,0.02903835102915764
within,reconstruction,eeg_gaze_imu,pearson_r,0.0,5,0.0,0.013445472344756126,0.009261391125619411
within,reconstruction,eeg_gaze_imu,pearson_r,0.0,5,1.0,-0.021325739100575447,0.03225541114807129
within,reconstruction,eeg_gaze_imu,pearson_r,0.0,5,2.0,-0.006231141276657581,-0.0011781260836869478
within,reconstruction,eeg_gaze_imu,pearson_r,0.0,5,3.0,0.016526881605386734,-0.002691529458388686
within,reconstruction,eeg_gaze_imu,pearson_r,0.0,5,4.0,-0.016557231545448303,0.030383482575416565
within,reconstruction,eeg_imu,pearson_r,0.0,5,0.0,0.006801554001867771,0.03915504366159439
within,reconstruction,eeg_imu,pearson_r,0.0,5,1.0,-0.027685215696692467,0.033785898238420486
within,reconstruction,eeg_imu,pearson_r,0.0,5,2.0,0.001825370010919869,-0.0047033317387104034
within,reconstruction,eeg_imu,pearson_r,0.0,5,3.0,0.005686143413186073,0.013643239624798298
within,reconstruction,eeg_imu,pearson_r,0.0,5,4.0,0.003451311495155096,0.023630596697330475
within,reconstruction,gaze,pearson_r,0.0,5,0.0,-0.0033567221835255623,-0.020089151337742805
within,reconstruction,gaze,pearson_r,0.0,5,1.0,0.0009003684972412884,-0.008098158054053783
within,reconstruction,gaze,pearson_r,0.0,5,2.0,0.016626575961709023,0.015216230414807796
within,reconstruction,gaze,pearson_r,0.0,5,3.0,-0.023250773549079895,0.005641852971166372
within,reconstruction,gaze,pearson_r,0.0,5,4.0,-0.041131459176540375,-0.023958522826433182
within,reconstruction,gaze_imu,pearson_r,0.0,5,0.0,-0.0037446266505867243,-0.02770381234586239
within,reconstruction,gaze_imu,pearson_r,0.0,5,1.0,-0.0029688735958188772,0.015290956944227219
within,reconstruction,gaze_imu,pearson_r,0.0,5,2.0,-0.004594029393047094,-0.015170687809586525
within,reconstruction,gaze_imu,pearson_r,0.0,5,3.0,-0.007192553486675024,0.0025474296417087317
within,reconstruction,gaze_imu,pearson_r,0.0,5,4.0,-0.011319804936647415,0.0020561059936881065
within,reconstruction,imu,pearson_r,0.0,5,0.0,-0.007996123284101486,0.024714119732379913
within,reconstruction,imu,pearson_r,0.0,5,1.0,-0.02152750827372074,-0.0037540660705417395
within,reconstruction,imu,pearson_r,0.0,5,2.0,-0.0018287792336195707,-0.011628997512161732
within,reconstruction,imu,pearson_r,0.0,5,3.0,-0.004680840764194727,0.011809214949607849
within,reconstruction,imu,pearson_r,0.0,5,4.0,0.030935296788811684,-0.0023357055615633726
within,speaker4,eeg,acc,0.25,5,0.0,0.19411764705882353,0.36666666666666664
within,speaker4,eeg,acc,0.25,5,1.0,0.22941176470588234,0.2714285714285714
within,speaker4,eeg,acc,0.25,5,2.0,0.3058823529411765,0.21
within,speaker4,eeg,acc,0.25,5,3.0,0.3125,0.35714285714285715
within,speaker4,eeg,acc,0.25,5,4.0,0.275,0.34705882352941175
within,speaker4,gaze,acc,0.25,5,0.0,0.23529411764705882,0.3
within,speaker4,gaze,acc,0.25,5,1.0,0.2647058823529412,0.2571428571428571
within,speaker4,gaze,acc,0.25,5,2.0,0.28823529411764703,0.24
within,speaker4,gaze,acc,0.25,5,3.0,0.1875,0.3357142857142857
within,speaker4,gaze,acc,0.25,5,4.0,0.23125,0.3
within,speaker4,imu,acc,0.25,5,0.0,0.25882352941176473,0.3
within,speaker4,imu,acc,0.25,5,1.0,0.2823529411764706,0.2857142857142857
within,speaker4,imu,acc,0.25,5,2.0,0.2529411764705882,0.22
within,speaker4,imu,acc,0.25,5,3.0,0.3,0.35
within,speaker4,imu,acc,0.25,5,4.0,0.28125,0.3588235294117647
within,eccentricity,eeg,acc,0.5,6,0.0,0.5235294117647059,0.4
within,eccentricity,eeg,acc,0.5,6,1.0,0.5058823529411764,0.6142857142857143
within,eccentricity,eeg,acc,0.5,6,2.0,0.4823529411764706,0.55
within,eccentricity,eeg,acc,0.5,6,3.0,0.56875,0.4928571428571429
within,eccentricity,eeg,acc,0.5,6,4.0,0.5,0.5294117647058824
within,eccentricity,gaze,acc,0.5,6,0.0,0.5117647058823529,0.6
within,eccentricity,gaze,acc,0.5,6,1.0,0.5058823529411764,0.5428571428571428
within,eccentricity,gaze,acc,0.5,6,2.0,0.5,0.49
within,eccentricity,gaze,acc,0.5,6,3.0,0.54375,0.5214285714285715
within,eccentricity,gaze,acc,0.5,6,4.0,0.4125,0.5882352941176471
within,eccentricity,imu,acc,0.5,6,0.0,0.5294117647058824,0.43333333333333335
within,eccentricity,imu,acc,0.5,6,1.0,0.5588235294117647,0.6428571428571429
within,eccentricity,imu,acc,0.5,6,2.0,0.5176470588235295,0.58
within,eccentricity,imu,acc,0.5,6,3.0,0.51875,0.5285714285714286
within,eccentricity,imu,acc,0.5,6,4.0,0.48125,0.5823529411764706
within,hemisphere,eeg,acc,0.5,6,0.0,0.4588235294117647,0.5333333333333333
within,hemisphere,eeg,acc,0.5,6,1.0,0.48823529411764705,0.5
within,hemisphere,eeg,acc,0.5,6,2.0,0.49411764705882355,0.47
within,hemisphere,eeg,acc,0.5,6,3.0,0.48125,0.5642857142857143
within,hemisphere,eeg,acc,0.5,6,4.0,0.50625,0.5294117647058824
within,hemisphere,gaze,acc,0.5,6,0.0,0.5352941176470588,0.5
within,hemisphere,gaze,acc,0.5,6,1.0,0.5352941176470588,0.5
within,hemisphere,gaze,acc,0.5,6,2.0,0.47058823529411764,0.51
within,hemisphere,gaze,acc,0.5,6,3.0,0.45,0.4928571428571429
within,hemisphere,gaze,acc,0.5,6,4.0,0.51875,0.5235294117647059
within,hemisphere,imu,acc,0.5,6,0.0,0.5,0.6
within,hemisphere,imu,acc,0.5,6,1.0,0.4411764705882353,0.5142857142857142
within,hemisphere,imu,acc,0.5,6,2.0,0.5176470588235295,0.47
within,hemisphere,imu,acc,0.5,6,3.0,0.5125,0.5714285714285714
within,hemisphere,imu,acc,0.5,6,4.0,0.56875,0.5411764705882353
within,reconstruction,eeg,pearson_r,0.0,6,0.0,-0.003397836349904537,0.02988291159272194
within,reconstruction,eeg,pearson_r,0.0,6,1.0,0.012773191556334496,0.03126170113682747
within,reconstruction,eeg,pearson_r,0.0,6,2.0,0.0005007228464819491,0.007375778164714575
within,reconstruction,eeg,pearson_r,0.0,6,3.0,-0.011815336532890797,0.030072323977947235
within,reconstruction,eeg,pearson_r,0.0,6,4.0,0.025627916678786278,-0.0056944070383906364
within,reconstruction,eeg_gaze,pearson_r,0.0,6,0.0,-0.0022672871127724648,0.037050120532512665
within,reconstruction,eeg_gaze,pearson_r,0.0,6,1.0,0.023311447352170944,0.020735006779432297
within,reconstruction,eeg_gaze,pearson_r,0.0,6,2.0,0.006800177041441202,0.03183149918913841
within,reconstruction,eeg_gaze,pearson_r,0.0,6,3.0,-0.0049398476257920265,0.03338964655995369
within,reconstruction,eeg_gaze,pearson_r,0.0,6,4.0,0.004777359310537577,-0.00427743187174201
within,reconstruction,eeg_gaze_imu,pearson_r,0.0,6,0.0,0.0002609883958939463,0.033111248165369034
within,reconstruction,eeg_gaze_imu,pearson_r,0.0,6,1.0,0.016909843310713768,0.009608001448214054
within,reconstruction,eeg_gaze_imu,pearson_r,0.0,6,2.0,0.001029969658702612,0.023676639422774315
within,reconstruction,eeg_gaze_imu,pearson_r,0.0,6,3.0,-0.012957525439560413,0.0260124783962965
within,reconstruction,eeg_gaze_imu,pearson_r,0.0,6,4.0,0.015886131674051285,0.015304623171687126
within,reconstruction,eeg_imu,pearson_r,0.0,6,0.0,0.0009318218799307942,0.024087054654955864
within,reconstruction,eeg_imu,pearson_r,0.0,6,1.0,0.022254498675465584,0.0060287960804998875
within,reconstruction,eeg_imu,pearson_r,0.0,6,2.0,-0.003069046651944518,0.0007462011417374015
within,reconstruction,eeg_imu,pearson_r,0.0,6,3.0,-0.02679603360593319,0.01210288517177105
within,reconstruction,eeg_imu,pearson_r,0.0,6,4.0,0.02678486332297325,0.005594583693891764
within,reconstruction,gaze,pearson_r,0.0,6,0.0,0.03217976540327072,0.01480827946215868
within,reconstruction,gaze,pearson_r,0.0,6,1.0,-0.017815042287111282,0.03891304135322571
within,reconstruction,gaze,pearson_r,0.0,6,2.0,-0.00227844575420022,0.006060116924345493
within,reconstruction,gaze,pearson_r,0.0,6,3.0,0.023667771369218826,0.020259056240320206
within,reconstruction,gaze,pearson_r,0.0,6,4.0,-0.022324295714497566,0.025031138211488724
within,reconstruction,gaze_imu,pearson_r,0.0,6,0.0,0.00945984572172165,0.037649381905794144
within,reconstruction,gaze_imu,pearson_r,0.0,6,1.0,-0.016229813918471336,0.032202087342739105
within,reconstruction,gaze_imu,pearson_r,0.0,6,2.0,0.002557365922257304,0.0020329004619270563
within,reconstruction,gaze_imu,pearson_r,0.0,6,3.0,0.01830480806529522,0.025924280285835266
within,reconstruction,gaze_imu,pearson_r,0.0,6,4.0,0.0019216418731957674,0.03428938612341881
within,reconstruction,imu,pearson_r,0.0,6,0.0,0.007034855894744396,0.002041872125118971
within,reconstruction,imu,pearson_r,0.0,6,1.0,0.000980303273536265,-0.0031002252362668514
within,reconstruction,imu,pearson_r,0.0,6,2.0,-0.0289405956864357,0.00888412818312645
within,reconstruction,imu,pearson_r,0.0,6,3.0,0.010431403294205666,-0.03205098211765289
within,reconstruction,imu,pearson_r,0.0,6,4.0,-0.030638962984085083,0.024278424680233
within,speaker4,eeg,acc,0.25,6,0.0,0.2,0.36666666666666664
within,speaker4,eeg,acc,0.25,6,1.0,0.20588235294117646,0.24285714285714285
within,speaker4,eeg,acc,0.25,6,2.0,0.27058823529411763,0.19
within,speaker4,eeg,acc,0.25,6,3.0,0.275,0.34285714285714286
within,speaker4,eeg,acc,0.25,6,4.0,0.28125,0.34705882352941175
within,speaker4,gaze,acc,0.25,6,0.0,0.24705882352941178,0.3
within,speaker4,gaze,acc,0.25,6,1.0,0.24705882352941178,0.2571428571428571
within,speaker4,gaze,acc,0.25,6,2.0,0.24705882352941178,0.26
within,speaker4,gaze,acc,0.25,6,3.0,0.19375,0.3142857142857143
within,speaker4,gaze,acc,0.25,6,4.0,0.26875,0.3058823529411765
within,speaker4,imu,acc,0.25,6,0.0,0.29411764705882354,0.36666666666666664
within,speaker4,imu,acc,0.25,6,1.0,0.27058823529411763,0.32857142857142857
within,speaker4,imu,acc,0.25,6,2.0,0.2647058823529412,0.23
within,speaker4,imu,acc,0.25,6,3.0,0.29375,0.35
within,speaker4,imu,acc,0.25,6,4.0,0.28125,0.3764705882352941
within,eccentricity,eeg,acc,0.5,7,0.0,0.47058823529411764,0.5333333333333333
within,eccentricity,eeg,acc,0.5,7,1.0,0.5117647058823529,0.5285714285714286
within,eccentricity,eeg,acc,0.5,7,2.0,0.48823529411764705,0.59
within,eccentricity,eeg,acc,0.5,7,3.0,0.525,0.5071428571428571
within,eccentricity,eeg,acc,0.5,7,4.0,0.5125,0.5529411764705883
within,eccentricity,gaze,acc,0.5,7,0.0,0.5176470588235295,0.6333333333333333
within,eccentricity,gaze,acc,0.5,7,1.0,0.49411764705882355,0.5142857142857142
within,eccentricity,gaze,acc,0.5,7,2.0,0.49411764705882355,0.49
within,eccentricity,gaze,acc,0.5,7,3.0,0.49375,0.5285714285714286
within,eccentricity,gaze,acc,0.5,7,4.0,0.4625,0.5058823529411764
within,eccentricity,imu,acc,0.5,7,0.0,0.5235294117647059,0.4666666666666667
within,eccentricity,imu,acc,0.5,7,1.0,0.4823529411764706,0.6285714285714286
within,eccentricity,imu,acc,0.5,7,2.0,0.5470588235294118,0.57
within,eccentricity,imu,acc,0.5,7,3.0,0.55,0.5285714285714286
within,eccentricity,imu,acc,0.5,7,4.0,0.4625,0.5941176470588235
within,hemisphere,eeg,acc,0.5,7,0.0,0.4588235294117647,0.5333333333333333
within,hemisphere,eeg,acc,0.5,7,1.0,0.4764705882352941,0.4857142857142857
within,hemisphere,eeg,acc,0.5,7,2.0,0.48823529411764705,0.37
within,hemisphere,eeg,acc,0.5,7,3.0,0.475,0.5714285714285714
within,hemisphere,eeg,acc,0.5,7,4.0,0.54375,0.5529411764705883
within,hemisphere,gaze,acc,0.5,7,0.0,0.5235294117647059,0.5
within,hemisphere,gaze,acc,0.5,7,1.0,0.5176470588235295,0.5
within,hemisphere,gaze,acc,0.5,7,2.0,0.49411764705882355,0.51
within,hemisphere,gaze,acc,0.5,7,3.0,0.43125,0.5142857142857142
within,hemisphere,gaze,acc,0.5,7,4.0,0.49375,0.47058823529411764
within,hemisphere,imu,acc,0.5,7,0.0,0.49411764705882355,0.6
within,hemisphere,imu,acc,0.5,7,1.0,0.4470588235294118,0.5142857142857142
within,hemisphere,imu,acc,0.5,7,2.0,0.5647058823529412,0.49
within,hemisphere,imu,acc,0.5,7,3.0,0.5,0.6
within,hemisphere,imu,acc,0.5,7,4.0,0.50625,0.5176470588235295
within,reconstruction,eeg,pearson_r,0.0,7,0.0,0.0016413179691880941,0.04458898305892944
within,reconstruction,eeg,pearson_r,0.0,7,1.0,-0.006241694558411837,0.008255363442003727
within,reconstruction,eeg,pearson_r,0.0,7,2.0,0.02215713821351528,0.015451162122189999
within,reconstruction,eeg,pearson_r,0.0,7,3.0,0.009714020416140556,0.01492687314748764
within,reconstruction,eeg,pearson_r,0.0,7,4.0,0.005022631026804447,0.037669211626052856
within,reconstruction,eeg_gaze,pearson_r,0.0,7,0.0,0.0033322761300951242,0.0376373715698719
within,reconstruction,eeg_gaze,pearson_r,0.0,7,1.0,-0.01011160109192133,0.009000839665532112
within,reconstruction,eeg_gaze,pearson_r,0.0,7,2.0,0.024251623079180717,0.03520508110523224
within,reconstruction,eeg_gaze,pearson_r,0.0,7,3.0,0.007497756741940975,0.013550125993788242
within,reconstruction,eeg_gaze,pearson_r,0.0,7,4.0,0.012342768721282482,0.04324231669306755
within,reconstruction,eeg_gaze_imu,pearson_r,0.0,7,0.0,-0.00010480810306034982,0.021459465846419334
within,reconstruction,eeg_gaze_imu,pearson_r,0.0,7,1.0,-0.014067528769373894,0.013839593157172203
within,reconstruction,eeg_gaze_imu,pearson_r,0.0,7,2.0,0.02699922025203705,0.04133202135562897
within,reconstruction,eeg_gaze_imu,pearson_r,0.0,7,3.0,0.021978791803121567,0.03886273503303528
within,reconstruction,eeg_gaze_imu,pearson_r,0.0,7,4.0,0.01623978279531002,0.04326876625418663
within,reconstruction,eeg_imu,pearson_r,0.0,7,0.0,-0.0034619984216988087,0.03967805579304695
within,reconstruction,eeg_imu,pearson_r,0.0,7,1.0,-0.005257888231426477,0.004938149359077215
within,reconstruction,eeg_imu,pearson_r,0.0,7,2.0,0.04583723470568657,0.05174008756875992
within,reconstruction,eeg_imu,pearson_r,0.0,7,3.0,0.023149874061346054,0.04464419186115265
within,reconstruction,eeg_imu,pearson_r,0.0,7,4.0,0.02059086784720421,0.013504614122211933
within,reconstruction,gaze,pearson_r,0.0,7,0.0,0.013701599091291428,0.05804739147424698
within,reconstruction,gaze,pearson_r,0.0,7,1.0,0.03484557941555977,0.027122685685753822
within,reconstruction,gaze,pearson_r,0.0,7,2.0,-0.035327862948179245,0.052101001143455505
within,reconstruction,gaze,pearson_r,0.0,7,3.0,-0.01890113577246666,-0.016599513590335846
within,reconstruction,gaze,pearson_r,0.0,7,4.0,-0.01840212568640709,-0.00604088744148612
within,reconstruction,gaze_imu,pearson_r,0.0,7,0.0,0.006676137447357178,-0.03742464631795883
within,reconstruction,gaze_imu,pearson_r,0.0,7,1.0,0.025999827310442924,0.010330612771213055
within,reconstruction,gaze_imu,pearson_r,0.0,7,2.0,-0.004643530119210482,0.03708898648619652
within,reconstruction,gaze_imu,pearson_r,0.0,7,3.0,0.008319881744682789,0.015515373088419437
within,reconstruction,gaze_imu,pearson_r,0.0,7,4.0,0.023386728018522263,0.011729530990123749
within,reconstruction,imu,pearson_r,0.0,7,0.0,-0.008675339631736279,0.019454630091786385
within,reconstruction,imu,pearson_r,0.0,7,1.0,0.03467928618192673,-0.01394058670848608
within,reconstruction,imu,pearson_r,0.0,7,2.0,-0.005719228181988001,0.02696780115365982
within,reconstruction,imu,pearson_r,0.0,7,3.0,0.00833211001008749,0.052620138972997665
within,reconstruction,imu,pearson_r,0.0,7,4.0,0.017884643748402596,0.016294946894049644
within,speaker4,eeg,acc,0.25,7,0.0,0.2235294117647059,0.3333333333333333
within,speaker4,eeg,acc,0.25,7,1.0,0.24705882352941178,0.2714285714285714
within,speaker4,eeg,acc,0.25,7,2.0,0.3058823529411765,0.21
within,speaker4,eeg,acc,0.25,7,3.0,0.325,0.35714285714285715
within,speaker4,eeg,acc,0.25,7,4.0,0.325,0.3588235294117647
within,speaker4,gaze,acc,0.25,7,0.0,0.2411764705882353,0.3
within,speaker4,gaze,acc,0.25,7,1.0,0.2529411764705882,0.2714285714285714
within,speaker4,gaze,acc,0.25,7,2.0,0.28823529411764703,0.24
within,speaker4,gaze,acc,0.25,7,3.0,0.19375,0.3142857142857143
within,speaker4,gaze,acc,0.25,7,4.0,0.28125,0.34705882352941175
within,speaker4,imu,acc,0.25,7,0.0,0.27058823529411763,0.26666666666666666
within,speaker4,imu,acc,0.25,7,1.0,0.27058823529411763,0.3
within,speaker4,imu,acc,0.25,7,2.0,0.24705882352941178,0.2
within,speaker4,imu,acc,0.25,7,3.0,0.29375,0.34285714285714286
within,speaker4,imu,acc,0.25,7,4.0,0.2875,0.36470588235294116
within,eccentricity,eeg,acc,0.5,8,0.0,0.48823529411764705,0.4666666666666667
within,eccentricity,eeg,acc,0.5,8,1.0,0.4647058823529412,0.5428571428571428
within,eccentricity,eeg,acc,0.5,8,2.0,0.48823529411764705,0.58
within,eccentricity,eeg,acc,0.5,8,3.0,0.55,0.4785714285714286
within,eccentricity,eeg,acc,0.5,8,4.0,0.49375,0.5588235294117647
within,eccentricity,gaze,acc,0.5,8,0.0,0.5058823529411764,0.5333333333333333
within,eccentricity,gaze,acc,0.5,8,1.0,0.4764705882352941,0.5285714285714286
within,eccentricity,gaze,acc,0.5,8,2.0,0.5235294117647059,0.51
within,eccentricity,gaze,acc,0.5,8,3.0,0.4875,0.5214285714285715
within,eccentricity,gaze,acc,0.5,8,4.0,0.4375,0.5117647058823529
within,eccentricity,imu,acc,0.5,8,0.0,0.48823529411764705,0.5
within,eccentricity,imu,acc,0.5,8,1.0,0.4764705882352941,0.45714285714285713
within,eccentricity,imu,acc,0.5,8,2.0,0.48823529411764705,0.5
within,eccentricity,imu,acc,0.5,8,3.0,0.51875,0.5857142857142857
within,eccentricity,imu,acc,0.5,8,4.0,0.5,0.5764705882352941
within,hemisphere,eeg,acc,0.5,8,0.0,0.4647058823529412,0.5666666666666667
within,hemisphere,eeg,acc,0.5,8,1.0,0.4764705882352941,0.44285714285714284
within,hemisphere,eeg,acc,0.5,8,2.0,0.5352941176470588,0.49
within,hemisphere,eeg,acc,0.5,8,3.0,0.51875,0.5428571428571428
within,hemisphere,eeg,acc,0.5,8,4.0,0.46875,0.5411764705882353
within,hemisphere,gaze,acc,0.5,8,0.0,0.5,0.5
within,hemisphere,gaze,acc,0.5,8,1.0,0.5294117647058824,0.5142857142857142
within,hemisphere,gaze,acc,0.5,8,2.0,0.5235294117647059,0.51
within,hemisphere,gaze,acc,0.5,8,3.0,0.45625,0.5285714285714286
within,hemisphere,gaze,acc,0.5,8,4.0,0.4875,0.4764705882352941
within,hemisphere,imu,acc,0.5,8,0.0,0.49411764705882355,0.5333333333333333
within,hemisphere,imu,acc,0.5,8,1.0,0.45294117647058824,0.5571428571428572
within,hemisphere,imu,acc,0.5,8,2.0,0.5235294117647059,0.5
within,hemisphere,imu,acc,0.5,8,3.0,0.54375,0.5571428571428572
within,hemisphere,imu,acc,0.5,8,4.0,0.53125,0.5411764705882353
within,reconstruction,eeg,pearson_r,0.0,8,0.0,0.0047575621865689754,-0.03396446257829666
within,reconstruction,eeg,pearson_r,0.0,8,1.0,0.007144154515117407,-0.010293383151292801
within,reconstruction,eeg,pearson_r,0.0,8,2.0,0.010964014567434788,0.02188759297132492
within,reconstruction,eeg,pearson_r,0.0,8,3.0,0.0368146188557148,0.024580026045441628
within,reconstruction,eeg,pearson_r,0.0,8,4.0,-0.022018209099769592,0.038696613162755966
within,reconstruction,eeg_gaze,pearson_r,0.0,8,0.0,0.005238608922809362,-0.036431293934583664
within,reconstruction,eeg_gaze,pearson_r,0.0,8,1.0,0.007613456808030605,-0.009881433099508286
within,reconstruction,eeg_gaze,pearson_r,0.0,8,2.0,0.011830873787403107,0.023797426372766495
within,reconstruction,eeg_gaze,pearson_r,0.0,8,3.0,0.026797542348504066,0.020603010430932045
within,reconstruction,eeg_gaze,pearson_r,0.0,8,4.0,-0.022181564942002296,0.03456515073776245
within,reconstruction,eeg_gaze_imu,pearson_r,0.0,8,0.0,0.006582068745046854,-0.041792504489421844
within,reconstruction,eeg_gaze_imu,pearson_r,0.0,8,1.0,0.00045103958109393716,-0.006924954708665609
within,reconstruction,eeg_gaze_imu,pearson_r,0.0,8,2.0,0.009051584638655186,0.026782620698213577
within,reconstruction,eeg_gaze_imu,pearson_r,0.0,8,3.0,0.006986052729189396,0.018752025440335274
within,reconstruction,eeg_gaze_imu,pearson_r,0.0,8,4.0,-0.016294654458761215,0.02630111761391163
within,reconstruction,eeg_imu,pearson_r,0.0,8,0.0,0.009959077462553978,-0.016717879101634026
within,reconstruction,eeg_imu,pearson_r,0.0,8,1.0,-0.01509952824562788,-0.012790355831384659
within,reconstruction,eeg_imu,pearson_r,0.0,8,2.0,0.010908301919698715,0.020660236477851868
within,reconstruction,eeg_imu,pearson_r,0.0,8,3.0,0.03366903215646744,0.017821891233325005
within,reconstruction,eeg_imu,pearson_r,0.0,8,4.0,-0.01960846781730652,0.038316573947668076
within,reconstruction,gaze,pearson_r,0.0,8,0.0,0.0,0.0
within,reconstruction,gaze,pearson_r,0.0,8,1.0,0.0,0.0
within,reconstruction,gaze,pearson_r,0.0,8,2.0,0.0,0.0
within,reconstruction,gaze,pearson_r,0.0,8,3.0,0.0,0.0
within,reconstruction,gaze,pearson_r,0.0,8,4.0,0.0,0.0
within,reconstruction,gaze_imu,pearson_r,0.0,8,0.0,0.028618380427360535,0.008447464555501938
within,reconstruction,gaze_imu,pearson_r,0.0,8,1.0,-0.013795888051390648,0.02716950699687004
within,reconstruction,gaze_imu,pearson_r,0.0,8,2.0,-0.01646597683429718,0.009766144677996635
within,reconstruction,gaze_imu,pearson_r,0.0,8,3.0,-0.017868589609861374,-0.019178124144673347
within,reconstruction,gaze_imu,pearson_r,0.0,8,4.0,-0.008760971948504448,-0.016864506527781487
within,reconstruction,imu,pearson_r,0.0,8,0.0,0.004256702959537506,-0.0076774535700678825
within,reconstruction,imu,pearson_r,0.0,8,1.0,-0.018957657739520073,0.05211101099848747
within,reconstruction,imu,pearson_r,0.0,8,2.0,-0.01067293994128704,0.010795175097882748
within,reconstruction,imu,pearson_r,0.0,8,3.0,0.02714456245303154,0.015861602500081062
within,reconstruction,imu,pearson_r,0.0,8,4.0,-0.029925063252449036,0.026798276230692863
within,speaker4,eeg,acc,0.25,8,0.0,0.20588235294117646,0.36666666666666664
within,speaker4,eeg,acc,0.25,8,1.0,0.22941176470588234,0.2571428571428571
within,speaker4,eeg,acc,0.25,8,2.0,0.2823529411764706,0.2
within,speaker4,eeg,acc,0.25,8,3.0,0.3,0.37857142857142856
within,speaker4,eeg,acc,0.25,8,4.0,0.28125,0.34705882352941175
within,speaker4,gaze,acc,0.25,8,0.0,0.2411764705882353,0.3333333333333333
within,speaker4,gaze,acc,0.25,8,1.0,0.2823529411764706,0.21428571428571427
within,speaker4,gaze,acc,0.25,8,2.0,0.27647058823529413,0.25
within,speaker4,gaze,acc,0.25,8,3.0,0.1875,0.3142857142857143
within,speaker4,gaze,acc,0.25,8,4.0,0.2125,0.2235294117647059
within,speaker4,imu,acc,0.25,8,0.0,0.27058823529411763,0.23333333333333334
within,speaker4,imu,acc,0.25,8,1.0,0.25882352941176473,0.2857142857142857
within,speaker4,imu,acc,0.25,8,2.0,0.2529411764705882,0.25
within,speaker4,imu,acc,0.25,8,3.0,0.3,0.32857142857142857
within,speaker4,imu,acc,0.25,8,4.0,0.3,0.35294117647058826
within,eccentricity,eeg,acc,0.5,9,0.0,0.5235294117647059,0.5666666666666667
within,eccentricity,eeg,acc,0.5,9,1.0,0.49411764705882355,0.5285714285714286
within,eccentricity,eeg,acc,0.5,9,2.0,0.4588235294117647,0.54
within,eccentricity,eeg,acc,0.5,9,3.0,0.4625,0.5857142857142857
within,eccentricity,eeg,acc,0.5,9,4.0,0.53125,0.5764705882352941
within,eccentricity,gaze,acc,0.5,9,0.0,0.49411764705882355,0.6
within,eccentricity,gaze,acc,0.5,9,1.0,0.48823529411764705,0.5142857142857142
within,eccentricity,gaze,acc,0.5,9,2.0,0.5,0.51
within,eccentricity,gaze,acc,0.5,9,3.0,0.50625,0.55
within,eccentricity,gaze,acc,0.5,9,4.0,0.45625,0.49411764705882355
within,eccentricity,imu,acc,0.5,9,0.0,0.5117647058823529,0.4666666666666667
within,eccentricity,imu,acc,0.5,9,1.0,0.5235294117647059,0.6
within,eccentricity,imu,acc,0.5,9,2.0,0.5058823529411764,0.54
within,eccentricity,imu,acc,0.5,9,3.0,0.525,0.5142857142857142
within,eccentricity,imu,acc,0.5,9,4.0,0.4875,0.5882352941176471
within,hemisphere,eeg,acc,0.5,9,0.0,0.43529411764705883,0.5333333333333333
within,hemisphere,eeg,acc,0.5,9,1.0,0.49411764705882355,0.4857142857142857
within,hemisphere,eeg,acc,0.5,9,2.0,0.5058823529411764,0.44
within,hemisphere,eeg,acc,0.5,9,3.0,0.4625,0.5571428571428572
within,hemisphere,eeg,acc,0.5,9,4.0,0.46875,0.5352941176470588
within,hemisphere,gaze,acc,0.5,9,0.0,0.5529411764705883,0.5
within,hemisphere,gaze,acc,0.5,9,1.0,0.5294117647058824,0.5285714285714286
within,hemisphere,gaze,acc,0.5,9,2.0,0.4588235294117647,0.5
within,hemisphere,gaze,acc,0.5,9,3.0,0.48125,0.5071428571428571
within,hemisphere,gaze,acc,0.5,9,4.0,0.53125,0.5176470588235295
within,hemisphere,imu,acc,0.5,9,0.0,0.5,0.6
within,hemisphere,imu,acc,0.5,9,1.0,0.47058823529411764,0.5
within,hemisphere,imu,acc,0.5,9,2.0,0.5764705882352941,0.49
within,hemisphere,imu,acc,0.5,9,3.0,0.5,0.5785714285714286
within,hemisphere,imu,acc,0.5,9,4.0,0.51875,0.5117647058823529
within,reconstruction,eeg,pearson_r,0.0,9,0.0,-0.009177946485579014,-0.011967192403972149
within,reconstruction,eeg,pearson_r,0.0,9,1.0,-0.003816502634435892,-0.006866456009447575
within,reconstruction,eeg,pearson_r,0.0,9,2.0,0.026496924459934235,0.002030895557254553
within,reconstruction,eeg,pearson_r,0.0,9,3.0,0.004209841601550579,0.008186169900000095
within,reconstruction,eeg,pearson_r,0.0,9,4.0,0.007516849786043167,0.021411016583442688
within,reconstruction,eeg_gaze,pearson_r,0.0,9,0.0,-0.010257563553750515,3.6002697015646845e-05
within,reconstruction,eeg_gaze,pearson_r,0.0,9,1.0,0.003157826839014888,-0.008957263082265854
within,reconstruction,eeg_gaze,pearson_r,0.0,9,2.0,0.02159089408814907,0.010744716972112656
within,reconstruction,eeg_gaze,pearson_r,0.0,9,3.0,-0.005018339492380619,0.009414001367986202
within,reconstruction,eeg_gaze,pearson_r,0.0,9,4.0,0.0038318573497235775,0.012731674127280712
within,reconstruction,eeg_gaze_imu,pearson_r,0.0,9,0.0,0.01112094335258007,0.029076064005494118
within,reconstruction,eeg_gaze_imu,pearson_r,0.0,9,1.0,0.004463489633053541,-9.982586198020726e-05
within,reconstruction,eeg_gaze_imu,pearson_r,0.0,9,2.0,0.0014369796263054013,0.037673428654670715
within,reconstruction,eeg_gaze_imu,pearson_r,0.0,9,3.0,-0.01379628200083971,0.010573945008218288
within,reconstruction,eeg_gaze_imu,pearson_r,0.0,9,4.0,0.0014908835291862488,0.009378904476761818
within,reconstruction,eeg_imu,pearson_r,0.0,9,0.0,0.013910649344325066,0.03121701255440712
within,reconstruction,eeg_imu,pearson_r,0.0,9,1.0,-0.0034380408469587564,-0.007080661132931709
within,reconstruction,eeg_imu,pearson_r,0.0,9,2.0,0.008472977206110954,0.03211745247244835
within,reconstruction,eeg_imu,pearson_r,0.0,9,3.0,-0.012425067834556103,0.018312225118279457
within,reconstruction,eeg_imu,pearson_r,0.0,9,4.0,0.00639429222792387,0.0184614397585392
within,reconstruction,gaze,pearson_r,0.0,9,0.0,0.03368648886680603,-0.016369611024856567
within,reconstruction,gaze,pearson_r,0.0,9,1.0,-0.0017763074720278382,0.03512205928564072
within,reconstruction,gaze,pearson_r,0.0,9,2.0,0.01965564861893654,0.013083260506391525
within,reconstruction,gaze,pearson_r,0.0,9,3.0,-0.007345801685005426,0.0030788779258728027
within,reconstruction,gaze,pearson_r,0.0,9,4.0,-0.0012580171460285783,-0.007925662212073803
within,reconstruction,gaze_imu,pearson_r,0.0,9,0.0,0.015940986573696136,0.024371126666665077
within,reconstruction,gaze_imu,pearson_r,0.0,9,1.0,0.0014958766987547278,0.0036735220346599817
within,reconstruction,gaze_imu,pearson_r,0.0,9,2.0,0.0028722623828798532,0.05304448679089546
within,reconstruction,gaze_imu,pearson_r,0.0,9,3.0,-0.017327778041362762,0.017263540998101234
within,reconstruction,gaze_imu,pearson_r,0.0,9,4.0,0.0034680254757404327,0.00012663673260249197
within,reconstruction,imu,pearson_r,0.0,9,0.0,0.0259268656373024,0.03794919326901436
within,reconstruction,imu,pearson_r,0.0,9,1.0,0.004470504820346832,-0.02275746315717697
within,reconstruction,imu,pearson_r,0.0,9,2.0,-0.009062436409294605,0.041697148233652115
within,reconstruction,imu,pearson_r,0.0,9,3.0,-0.006884580943733454,0.005811894778162241
within,reconstruction,imu,pearson_r,0.0,9,4.0,0.008250386454164982,0.006307816598564386
within,speaker4,eeg,acc,0.25,9,0.0,0.21764705882352942,0.3333333333333333
within,speaker4,eeg,acc,0.25,9,1.0,0.23529411764705882,0.2714285714285714
within,speaker4,eeg,acc,0.25,9,2.0,0.36470588235294116,0.26
within,speaker4,eeg,acc,0.25,9,3.0,0.3125,0.37142857142857144
within,speaker4,eeg,acc,0.25,9,4.0,0.29375,0.3588235294117647
within,speaker4,gaze,acc,0.25,9,0.0,0.2529411764705882,0.26666666666666666
within,speaker4,gaze,acc,0.25,9,1.0,0.27058823529411763,0.2714285714285714
within,speaker4,gaze,acc,0.25,9,2.0,0.27647058823529413,0.27
within,speaker4,gaze,acc,0.25,9,3.0,0.18125,0.30714285714285716
within,speaker4,gaze,acc,0.25,9,4.0,0.23125,0.27058823529411763
within,speaker4,imu,acc,0.25,9,0.0,0.27647058823529413,0.3333333333333333
within,speaker4,imu,acc,0.25,9,1.0,0.27058823529411763,0.3142857142857143
within,speaker4,imu,acc,0.25,9,2.0,0.3352941176470588,0.27
within,speaker4,imu,acc,0.25,9,3.0,0.29375,0.3357142857142857
within,speaker4,imu,acc,0.25,9,4.0,0.28125,0.34705882352941175
